timestamp,POSITION_TARGET_GLOBAL_INT.time_boot_ms,POSITION_TARGET_GLOBAL_INT.coordinate_frame,POSITION_TARGET_GLOBAL_INT.type_mask,POSITION_TARGET_GLOBAL_INT.lat_int,POSITION_TARGET_GLOBAL_INT.lon_int,POSITION_TARGET_GLOBAL_INT.alt,POSITION_TARGET_GLOBAL_INT.vx,POSITION_TARGET_GLOBAL_INT.vy,POSITION_TARGET_GLOBAL_INT.vz,POSITION_TARGET_GLOBAL_INT.afx,POSITION_TARGET_GLOBAL_INT.afy,POSITION_TARGET_GLOBAL_INT.afz,POSITION_TARGET_GLOBAL_INT.yaw,POSITION_TARGET_GLOBAL_INT.yaw_rate
1631219343.52499986,96564,5,0,-253321992,-575157254,123.30018615722656,nan,nan,nan,0.0,0.0,100.0,0.9284598231315613,0.0
1631219345.17699981,98166,5,0,-253321992,-575157254,123.30018615722656,-0.017311567440629005,-0.07663517445325851,0.20246000587940216,-0.0021079368889331818,-0.1394195407629013,4.020155906677246,0.9280965328216553,0.0
1631219346.73599982,99756,5,0,-253321992,-575157254,123.30018615722656,-0.0037603117525577545,-0.11083094030618668,-0.3152661621570587,0.01706157810986042,-0.27778908610343933,1.8129955530166626,0.9280965328216553,0.0
1631219348.36800003,101357,5,0,-253321992,-575157254,123.30018615722656,0.08183133602142334,-0.1581541746854782,-0.8114351630210876,0.30601415038108826,-0.36182719469070435,0.14794376492500305,0.9280965328216553,0.0
1631219349.91599989,102944,5,0,-253321992,-575157254,123.30018615722656,0.1644691526889801,-0.14679992198944092,-0.9944461584091187,0.3237249553203583,-0.3199206590652466,0.0670938491821289,0.9280965328216553,0.0
1631219351.52399993,104545,5,0,-253321992,-575157254,123.30018615722656,0.04457882046699524,-0.18049171566963196,-0.9910681247711182,0.29851406812667847,-0.5301928520202637,0.19084244966506958,0.938971757888794,0.0
1631219353.11199999,106136,5,0,-253321992,-575157254,123.30018615722656,0.06267394870519638,-0.15274885296821594,-0.7536356449127197,0.31001174449920654,-0.4005481004714966,0.42749887704849243,0.938971757888794,0.0
1631219354.69799995,107730,5,0,-253320160,-575158844,123.33000946044922,0.6459305286407471,-0.7633962035179138,0.009737066924571991,0.8010327219963074,-0.6720147728919983,0.1926625370979309,-0.06048174202442169,-0.7853981852531433
1631219356.28399992,109328,5,0,-253320160,-575158844,123.33000946044922,0.7118654847145081,-0.7023158669471741,0.00853557325899601,0.4882253110408783,-1.3278584480285645,0.5739065408706665,-0.6566415429115295,0.0018886345205828547
1631219357.92899990,110924,5,0,-253320160,-575158844,123.33000946044922,0.8284046649932861,-0.5601300597190857,-0.04874501749873161,0.8631511926651001,-0.9803655743598938,0.1398417055606842,-0.6486852169036865,0.005865118466317654
1631219359.50600004,112522,5,0,-253320160,-575158844,123.33000946044922,0.8733180165290833,-0.487150639295578,-0.10325895994901657,0.6522434949874878,-0.64966881275177,0.0740528330206871,-0.6444234848022461,0.000728154496755451
1631219361.07299995,114114,5,0,-253320160,-575158844,123.33000946044922,0.805539608001709,-0.5925421118736267,-0.08087193220853806,0.4512479603290558,-0.681326687335968,-0.04469350725412369,-0.6503101587295532,-0.005157425533980131
1631219362.68199992,115705,5,0,-253320160,-575158844,123.33000946044922,0.7070081830024719,-0.6184872388839722,0.014418897219002247,0.3767286241054535,-0.6527861952781677,0.028392590582370758,-0.6547796726226807,0.002165875630453229
1631219364.31599998,117305,5,0,-253320160,-575158844,123.33000946044922,0.757841944694519,-0.5373077392578125,-0.07072096318006516,0.3805868923664093,-0.5472189784049988,-0.07358133047819138,-0.6492363810539246,0.0027058226987719536
1631219365.85500002,118896,5,0,-253320160,-575158844,123.33000946044922,0.6593254804611206,-0.5292254090309143,-0.05016647279262543,0.15108293294906616,-0.38082873821258545,0.01358567550778389,-0.6526421904563904,-0.0026235731784254313
1631219367.48099995,120498,5,0,-253320160,-575158844,123.33000946044922,0.6078940629959106,-0.5402348041534424,0.06384070217609406,0.1318410485982895,-0.49135836958885193,0.18015405535697937,-0.6558749079704285,-0.00993337668478489
1631219369.08399987,122084,5,0,-253320160,-575158844,123.33000946044922,0.5841361284255981,-0.7730549573898315,0.0721270889043808,0.04058651998639107,-0.9468048810958862,-0.01777331903576851,-0.6733941435813904,-0.014361048117280006
1631219370.64800000,123686,5,0,-253320160,-575158844,123.33000946044922,0.5828786492347717,-0.8125593066215515,0.06909382343292236,-0.12315743416547775,-0.8356488943099976,-0.0013534091413021088,-0.6798719763755798,-0.001872796332463622
1631219372.32999992,125276,5,0,-253320160,-575158844,123.33000946044922,0.6906934380531311,-0.6744011044502258,-0.04857435077428818,-0.11747509241104126,-0.6392236351966858,-0.1961224377155304,-0.6647790670394897,0.001740973093546927
1631219373.91799998,126877,5,0,-253320160,-575158844,123.33000946044922,0.6416041851043701,-0.6694879531860352,-0.02906448394060135,-0.21975396573543549,-0.7033568620681763,-0.21474948525428772,-0.6714106798171997,-0.008288156241178513
1631219375.42299986,128464,5,0,-253320160,-575158844,123.33000946044922,0.591993510723114,-0.7199362516403198,0.0013679563999176025,-0.21287190914154053,-0.8368605375289917,-0.14281395077705383,-0.6892336010932922,-0.022966250777244568
1631219377.09599996,130066,5,0,-253320160,-575158844,123.33000946044922,0.694229245185852,-0.7034453749656677,0.017544308677315712,-0.039741307497024536,-0.618655264377594,-0.10805115848779678,-0.6847711205482483,0.025339659303426743
1631219378.61999989,131655,5,0,-253320160,-575158844,123.33000946044922,0.7167698740959167,-0.6341195106506348,-0.012807648628950119,-0.2277442067861557,-0.5812612771987915,-0.07345333695411682,-0.6780944466590881,-0.037244196981191635
1631219380.21099997,133258,5,0,-253318367,-575156288,123.33000946044922,0.6406051516532898,0.5474772453308105,0.05222127586603165,-0.43088072538375854,0.30649179220199585,-0.12536054849624634,0.00560145266354084,0.7853981852531433
1631219381.82999992,134847,5,0,-253318367,-575156288,123.33000946044922,0.6103196740150452,0.6112406253814697,0.02755345217883587,0.18671166896820068,-0.7504178285598755,0.4771413207054138,0.8724324107170105,-0.010954026132822037
1631219383.41400003,136444,5,0,-253318367,-575156288,123.33000946044922,0.6222261190414429,0.4010980427265167,0.0329272598028183,0.0895565003156662,-0.7382331490516663,-0.07125586271286011,0.8669398427009583,-0.001944065443240106
1631219386.25899982,138037,5,0,-253318367,-575156288,123.33000946044922,0.6009064316749573,0.6445286273956299,-0.046070463955402374,0.03636067360639572,-0.41172781586647034,-0.15978199243545532,0.873100757598877,0.007971910759806633
1631219388.30099988,139635,5,0,-253318367,-575156288,123.33000946044922,0.5695765018463135,0.8219383955001831,-0.010289766825735569,0.09437860548496246,-0.15483996272087097,-0.16069716215133667,0.8785905838012695,0.0021983906626701355
1631219388.30299997,141226,5,0,-253318367,-575156288,123.33000946044922,0.4851096570491791,0.8744533061981201,-0.06908965110778809,-0.1399085819721222,0.07468867301940918,-0.44806796312332153,0.8830207586288452,0.000810300640296191
1631219389.78799987,142827,5,0,-253318367,-575156288,123.33000946044922,0.4920053482055664,0.8705922365188599,-0.07235915958881378,-0.19358466565608978,-0.0021010274067521095,-0.18214136362075806,0.8831756114959717,0.00042062511784024537
1631219391.44700003,144424,5,0,-253318367,-575156288,123.33000946044922,0.5301780104637146,0.8478864431381226,-0.009919763542711735,-0.16206364333629608,0.02076024003326893,-0.23436352610588074,0.8815741539001465,-0.0014785259263589978
1631219393.05199981,146017,5,0,-253318367,-575156288,123.33000946044922,0.5508531928062439,0.8346023559570312,0.008180683478713036,-0.26631855964660645,0.011425008065998554,-0.39841794967651367,0.8807681202888489,0.00023001042427495122
1631219394.60699987,147615,5,0,-253318367,-575156288,123.33000946044922,0.6175855398178101,0.786503791809082,0.03179393708705902,0.11225514858961105,-0.14815570414066315,-0.09314901381731033,0.8766409158706665,-0.005365539342164993
1631219396.21799994,149207,5,0,-253318367,-575156288,123.33000946044922,0.7740451097488403,0.6331304907798767,0.02370368130505085,0.6447180509567261,-0.27136459946632385,-0.16417792439460754,0.8636626601219177,-0.01086855586618185
1631219397.77199984,150805,5,0,-253318367,-575156288,123.33000946044922,0.820999801158905,0.5709285736083984,0.026825295761227608,0.6120807528495789,-0.15356312692165375,-0.12984463572502136,0.8575906753540039,0.004665238317102194
1631219399.38399982,152395,5,0,-253318367,-575156288,123.33000946044922,0.6888819336891174,0.7248734831809998,-0.008291255682706833,0.35858047008514404,-0.0417262427508831,-0.03527259826660156,0.8704218864440918,0.007321614306420088
1631219400.98499990,153993,5,0,-253318367,-575156288,123.33000946044922,0.6433702707290649,0.7655551433563232,0.017672937363386154,0.46988731622695923,-0.07565014064311981,-0.07663781195878983,0.8747149705886841,-0.003684559604153037
1631219402.57099986,155584,5,0,-253318367,-575156288,123.33000946044922,0.7281239032745361,0.6854454874992371,0.009076209738850594,0.6375190615653992,-0.1599625051021576,-0.05953965336084366,0.8646876811981201,-0.005984423216432333
1631219404.19199991,157183,5,0,-253318367,-575156288,123.33000946044922,0.7121033072471619,0.7020747065544128,0.01637915149331093,0.4835572838783264,-0.05532931908965111,-0.07124665379524231,0.8653695583343506,0.00626211566850543
1631219405.76099992,158776,5,0,-253318367,-575156288,123.33000946044922,0.6468772292137146,0.7625941634178162,0.016934191808104515,0.3593507707118988,0.04030504450201988,-0.03852703049778938,0.8740876913070679,0.010257956571877003
1631219407.39299989,160367,5,0,-253318367,-575156288,123.33000946044922,0.581001877784729,0.8139022588729858,0.032385118305683136,0.3294171690940857,0.2387239933013916,-0.03371571749448776,0.885249674320221,0.006412840913981199
1631219408.96700001,161967,5,0,-253318367,-575156288,123.33000946044922,0.661679744720459,0.7497864961624146,0.00041980232344940305,0.5539388060569763,0.005935581400990486,-0.09745694696903229,0.870553195476532,-0.016060154885053635
1631219410.56200004,163566,5,0,-253318367,-575156288,123.33000946044922,0.7030154466629028,0.711174726486206,0.010315749794244766,0.5294979810714722,0.054037079215049744,-0.0055628493428230286,0.8563992381095886,0.0008726465748623013
1631219412.11199999,165157,5,0,-253318367,-575156288,123.33000946044922,0.6734125018119812,0.7392670512199402,0.033426523208618164,0.44785773754119873,0.009843418374657631,-0.09436562657356262,0.8607403039932251,0.01819152757525444
1631219413.77799988,166747,5,0,-253319090,-575155602,123.33000946044922,0.5096675157546997,0.8603714108467102,-0.04503795877099037,-0.7400742769241333,0.1934306025505066,0.1709674447774887,1.126913070678711,0.7853981852531433
1631219415.33799982,168350,5,0,-253319090,-575155602,123.33000946044922,-0.7283833622932434,0.6851698160171509,-0.007209157105535269,-0.1278584897518158,0.49561163783073425,0.12101598083972931,2.3258473873138428,-0.005236787721514702
1631219416.98000002,169943,5,0,-253319090,-575155602,123.33000946044922,-0.6168398857116699,0.7870886921882629,-0.04234372079372406,-0.07167753577232361,0.7556785345077515,-0.011437984183430672,2.308579921722412,-0.0141567662358284
1631219418.54799986,171540,5,0,-253319090,-575155602,123.33000946044922,-0.6447846293449402,0.7643642425537109,-0.027820486575365067,-0.1417090743780136,0.5411145687103271,0.025485176593065262,2.311465263366699,0.013724683783948421
1631219420.13599992,173136,5,0,-253319090,-575155602,123.33000946044922,-0.7753668427467346,0.6315110921859741,-0.03779197111725807,-0.3163684904575348,0.3003004193305969,-0.11809565871953964,2.3452882766723633,0.02423594892024994
1631219421.68599987,174724,5,0,-253319090,-575155602,123.33000946044922,-0.808212399482727,0.5888912677764893,-0.007115740794688463,-0.44028356671333313,0.030558884143829346,0.06167032569646835,2.370820999145508,0.020223861560225487
1631219423.31099987,176325,5,0,-253319090,-575155602,123.33000946044922,-0.794640064239502,0.60708087682724,0.08678041398525238,-0.49160829186439514,0.23507298529148102,-0.04978268966078758,2.396991729736328,0.02807406336069107
1631219424.95400000,177919,5,0,-253321075,-575158348,123.33000946044922,-0.7668775916099548,-0.6417933702468872,0.07512830197811127,-0.7684617638587952,-0.2269773781299591,0.10332372039556503,-2.8938510417938232,0.7853981852531433
1631219426.49099994,179517,5,0,-253321075,-575158348,123.33000946044922,-0.7688684463500977,-0.6394070386886597,0.07897128164768219,-1.1373484134674072,-0.48008638620376587,-0.20645672082901,-2.2823054790496826,0.00022876987350173295
1631219428.10999990,181107,5,0,-253321075,-575158348,123.33000946044922,-0.6984434127807617,-0.7156652808189392,-0.028225118294358253,-0.9689958691596985,-0.32213065028190613,-0.24795076251029968,-2.2792205810546875,0.0041457912884652615
1631219429.70199990,182703,5,0,-253321075,-575158348,123.33000946044922,-0.5904245972633362,-0.8070928454399109,-0.0778668224811554,-0.8089422583580017,-0.36194542050361633,0.12164659798145294,-2.274510145187378,0.0006148568936623633
1631219431.26699996,184296,5,0,-253321075,-575158348,123.33000946044922,-0.600796103477478,-0.7994024753570557,0.062260255217552185,-1.0626966953277588,-0.41892996430397034,-0.19976302981376648,-2.2748374938964844,-0.0026902577374130487
1631219432.87399983,185894,5,0,-253321075,-575158348,123.33000946044922,-0.6712873578071594,-0.7411972284317017,0.01998375542461872,-1.0630534887313843,-0.3982250392436981,-0.09588150680065155,-2.2781355381011963,-0.001084917807020247
1631219434.50899982,187490,5,0,-253321075,-575158348,123.33000946044922,-0.6521074771881104,-0.7581266164779663,0.055079322308301926,-1.0351412296295166,-0.5695511102676392,0.011151812970638275,-2.2771904468536377,0.0010612686164677143
1631219436.12899995,189086,5,0,-253321075,-575158348,123.33000946044922,-0.5903233885765076,-0.8071668148040771,0.023166855797171593,-0.8089213967323303,-0.6780704259872437,-0.1632021963596344,-2.27397084236145,0.0030075740069150925
1631219437.65499997,190683,5,0,-253321075,-575158348,123.33000946044922,-0.5717080235481262,-0.8204571604728699,0.03923182189464569,-0.8980036377906799,-0.6863539218902588,0.06190294772386551,-2.272768497467041,-0.0008209147490561008
1631219440.84399986,193867,5,0,-253321075,-575158348,123.33000946044922,-0.6797323822975159,-0.7334601879119873,0.06206146255135536,-1.066218376159668,-0.6187527775764465,-0.030296344310045242,-2.279012441635132,-0.005669455975294113
1631219442.53399992,195468,5,0,-253321075,-575158348,123.33000946044922,-0.6926941871643066,-0.7212314605712891,-0.03400667384266853,-0.9472917318344116,-0.5158810019493103,-0.1295349895954132,-2.280158042907715,-0.0013184190029278398
1631219444.07599998,197056,5,0,-253321075,-575158348,123.33000946044922,-0.6649754643440247,-0.7468651533126831,0.00413858238607645,-0.808452308177948,-0.36750268936157227,-0.13094951212406158,-2.27825927734375,-0.002771432278677821
1631219445.62500000,198654,5,0,-253321075,-575158348,123.33000946044922,-0.5867158770561218,-0.6358307600021362,0.029916996136307716,-0.7080198526382446,-0.255138635635376,-0.2127663791179657,-2.2791950702667236,0.0009176917956210673
1631219447.22199988,200253,5,0,-253321075,-575158348,123.33000946044922,-0.6128007173538208,-0.7052483558654785,0.03246096521615982,-0.705691397190094,-0.46312135457992554,-0.3463859558105469,-2.2776310443878174,0.004493264947086573
1631219448.83099985,201845,5,0,-253321075,-575158348,123.33000946044922,-0.5899023413658142,-0.7790780663490295,0.025972586125135422,-0.49521687626838684,-0.4207090437412262,-0.019202858209609985,-2.2725603580474854,0.0016587564023211598
1631219450.42199993,203436,5,0,-253321075,-575158348,123.33000946044922,-0.6081342697143555,-0.7420266270637512,0.04894973337650299,-0.737541675567627,-0.16792869567871094,-0.0776854082942009,-2.275326728820801,-0.007731851655989885
1631219452.11599994,205036,5,0,-253321075,-575158348,123.33000946044922,-0.7306190729141235,-0.6827853322029114,0.07150562852621078,-0.9514084458351135,-0.2911704182624817,-0.1202361136674881,-2.2886531352996826,-0.0032261137384921312
1631219453.60899997,206626,5,0,-253321075,-575158348,123.33000946044922,-0.7060829401016235,-0.7081292271614075,-0.005655386950820684,-0.9660263061523438,-0.21099905669689178,-0.08900552988052368,-2.2863330841064453,-0.006033907178789377
1631219455.18599987,208227,5,0,-253321075,-575158348,123.33000946044922,-0.6676512956619263,-0.7444741129875183,-0.08109637349843979,-0.6774972677230835,-0.26399877667427063,-0.2562062740325928,-2.2808384895324707,0.012951983138918877
1631219456.84999990,209818,5,0,-253321075,-575158348,123.33000946044922,-0.5696890354156494,-0.6376341581344604,-0.11673387140035629,-0.6726804375648499,0.030590679496526718,-0.15834558010101318,-2.280869960784912,-0.01094392966479063
1631219458.48199987,211414,5,0,-253321075,-575158348,123.33000946044922,-0.6016921997070312,-0.610277533531189,0.0026580174453556538,-0.6444941759109497,0.013268573209643364,-0.1668570190668106,-2.294261932373047,0.008134466595947742
1631219459.99300003,213006,5,0,-253321075,-575158348,123.33000946044922,-0.6370724439620972,-0.7211290597915649,0.011592598631978035,-0.6210497617721558,-0.18959416449069977,-0.14307700097560883,-2.284787178039551,0.014164536260068417
1631219461.57499981,214609,5,0,-253321723,-575157776,123.33000946044922,-0.7617338299751282,0.6478900909423828,0.04161674156785011,-0.4093731641769409,0.44891083240509033,-0.0993521511554718,3.0145387649536133,-0.7853981852531433
1631219463.18499994,216197,5,0,-253321723,-575157776,123.33000946044922,-0.7018015384674072,0.7123725414276123,0.02526097744703293,-0.5170748233795166,0.498460590839386,-0.32223594188690186,2.575105905532837,0.00849778950214386
1631219464.76699996,217796,5,0,-253321723,-575157776,123.33000946044922,-0.8615270853042603,0.5077117085456848,-0.011040416546165943,-0.9708622097969055,0.19546236097812653,-0.15431834757328033,2.612199544906616,0.027607334777712822
1631219466.38399982,219396,5,0,-253321723,-575157776,123.33000946044922,-0.916706383228302,0.3995615541934967,0.06951672583818436,-1.359633445739746,0.4431208074092865,0.1262066662311554,2.639134168624878,-0.0006646853871643543
1631219468.00300002,220988,5,0,-253321723,-575157776,123.33000946044922,-0.8866620063781738,0.4624180197715759,0.08392971754074097,-1.35249662399292,0.5305063724517822,0.20740610361099243,2.6267096996307373,-0.011133742518723011
1631219469.55699992,222577,5,0,-253321723,-575157776,123.33000946044922,-0.8774539232254028,0.47966092824935913,-0.005418151617050171,-1.3529253005981445,0.41630664467811584,-0.03831896185874939,2.625032901763916,0.009479759261012077
1631219471.16299987,224177,5,0,-253319835,-575154991,123.33000946044922,-0.06450420618057251,0.9979174137115479,-0.013546520844101906,-0.06427562236785889,1.1527419090270996,-0.1443890929222107,1.832593560218811,-0.7853981852531433
1631219472.76899981,225771,5,0,-253319835,-575154991,123.33000946044922,0.7509110569953918,0.6604035496711731,-0.12316813319921494,-0.13403144478797913,-0.1874609738588333,-0.3201875686645508,0.9432604908943176,-0.007850032299757004
1631219474.33699989,227371,5,0,-253319835,-575154991,123.33000946044922,0.8586019277572632,0.5126430988311768,-0.09576099365949631,-0.14776572585105896,-0.08659899234771729,-0.2699251174926758,0.9371005296707153,-0.0020507792942225933
1631219476.42499995,228960,5,0,-253319835,-575154991,123.33000946044922,0.6858475208282471,0.7277453541755676,-0.0337650440633297,-0.4737442433834076,0.13876548409461975,-0.3049165606498718,0.945734441280365,0.005082566756755114
1631219477.59799981,230554,5,0,-253319835,-575154991,123.33000946044922,0.6095672249794006,0.7927344441413879,-0.05036330595612526,-0.38875308632850647,0.23359207808971405,-0.3431902527809143,0.9491631388664246,-0.000999398180283606
1631219479.12500000,232154,5,0,-253319835,-575154991,123.33000946044922,0.6411840319633484,0.7673871517181396,-0.04653291031718254,-0.5249444842338562,0.1323314905166626,-0.3597959876060486,0.9475284218788147,-0.00014137853577267379
1631219480.75499988,233745,5,0,-253319835,-575154991,123.33000946044922,0.6468579769134521,0.762610673904419,0.049546871334314346,-0.3588499426841736,0.009515352547168732,-0.32060033082962036,0.9470651149749756,-0.0014462245162576437
1631219482.31099987,235338,5,0,-253319835,-575154991,123.33000946044922,0.6545430421829224,0.7560247778892517,-0.0015653528971597552,-0.41514042019844055,0.13188709318637848,-0.26115769147872925,0.9463921785354614,0.0007818163139745593
1631219483.92899990,236942,5,0,-253319835,-575154991,123.33000946044922,0.6562416553497314,0.7545508146286011,0.0037570472341030836,-0.14850318431854248,0.32006800174713135,-0.21324455738067627,0.9460459351539612,0.00034556392347440124
1631219485.61299992,238537,5,0,-253319835,-575154991,123.33000946044922,0.6372280716896057,0.7706753611564636,-0.004367841873317957,-0.24754352867603302,0.12283970415592194,-0.322096586227417,0.9469805955886841,-0.001232281792908907
1631219487.12199998,240126,5,0,-253319835,-575154991,123.33000946044922,0.6343452334403992,0.7730499505996704,-0.05777224153280258,-0.039051637053489685,0.36503297090530396,-0.3474463224411011,0.9469345211982727,-0.0004175456997472793
1631219488.69599986,241725,5,0,-253319835,-575154991,123.33000946044922,0.6583849191665649,0.7526813745498657,-0.019175689667463303,0.18743233382701874,0.3508848249912262,-0.18275406956672668,0.9449782371520996,-0.003159373765811324
1631219490.32099986,243316,5,0,-253319835,-575154991,123.33000946044922,0.6138505935668945,0.7894222140312195,-0.025654559955000877,-0.18139764666557312,0.5622028708457947,-0.26116129755973816,0.948009192943573,0.0051416256465017796
1631219491.93299985,244915,5,0,-253319835,-575154991,123.33000946044922,0.5416519641876221,0.8406028747558594,-0.05118023231625557,-0.39169013500213623,0.22405236959457397,-0.3571576178073883,0.9536069631576538,-1.3168223631510045e-05
1631219493.49199986,246506,5,0,-253319835,-575154991,123.33000946044922,0.5124874114990234,0.8074706792831421,-0.05711841955780983,-0.6049443483352661,-0.10034066438674927,-0.4339192807674408,0.9543532133102417,-0.0016716324025765061
1631219495.09799981,248107,5,0,-253319835,-575154991,123.33000946044922,0.4534079134464264,0.5250869989395142,-0.028510278090834618,-0.7111741304397583,-0.5467965006828308,-0.30314499139785767,0.9451237320899963,-0.011285753920674324
1631219496.69099998,249695,5,0,-253319835,-575154991,123.33000946044922,0.49650511145591736,0.677043080329895,-0.021007955074310303,-0.6246265769004822,-0.14141637086868286,-0.1985687017440796,0.9494432210922241,0.0034311714116483927
1631219498.32599998,251294,5,0,-253319835,-575154991,123.33000946044922,0.6482062339782715,0.7323786020278931,0.0037734368816018105,-0.3615521788597107,-0.1354207992553711,-0.3227151036262512,0.9390962719917297,-0.004951111041009426
1631219499.91100001,252886,5,0,-253319835,-575154991,123.33000946044922,0.6791023015975952,0.7340438365936279,-0.008773994632065296,-0.23589582741260529,-0.1279638111591339,-0.17590023577213287,0.933757483959198,-0.0007836823933757842
1631219501.48099995,254485,5,0,-253319835,-575154991,123.33000946044922,0.6243804097175598,0.7811204791069031,-0.06983501464128494,-0.2350541353225708,0.1980016529560089,-0.43786555528640747,0.9417579770088196,0.011491992510855198
1631219503.02999997,256075,5,0,-253319835,-575154991,123.33000946044922,0.6057510375976562,0.7956542372703552,0.011315111070871353,-0.2669040560722351,0.07613368332386017,0.021735727787017822,0.9444136619567871,0.0029957732185721397
1631219504.70700002,257674,5,0,-253319835,-575154991,123.33000946044922,0.6119804382324219,0.7908729910850525,0.09580383449792862,-0.10549463331699371,0.11397853493690491,-0.2544228136539459,0.9398730397224426,-0.006234970409423113
1631219506.25399995,259274,5,0,-253319835,-575154991,123.33000946044922,0.6038286089897156,0.7971141338348389,0.0413789227604866,0.022699953988194466,0.49730658531188965,-0.3203110098838806,0.9391672015190125,0.003596352646127343
1631219507.83299994,260868,5,0,-253320674,-575154228,123.33000946044922,0.04922853410243988,0.9987875819206238,0.012813929468393326,-1.8538639545440674,0.5648298859596252,-0.3287065625190735,1.531483769416809,0.7853981852531433
1631219509.49300003,262457,5,0,-253320674,-575154228,123.33000946044922,-0.5958748459815979,0.8030773401260376,0.0974002480506897,-0.8434079885482788,0.9699712991714478,0.28251349925994873,2.361649513244629,0.009537242352962494
1631219511.03900003,264057,5,0,-253320674,-575154228,123.33000946044922,-0.6659988760948181,0.7459527254104614,0.10714323073625565,-0.7632896900177002,0.8988008499145508,-0.14345578849315643,2.3694028854370117,0.004240867216140032
1631219512.63800001,265647,5,0,-253320674,-575154228,123.33000946044922,-0.7034958004951477,0.7106993794441223,0.007996080443263054,-0.6875538229942322,0.8161858916282654,-0.27361929416656494,2.374333143234253,-0.0019478864269331098
1631219514.25799990,267246,5,0,-253320674,-575154228,123.33000946044922,-0.7270858883857727,0.6865464448928833,0.02638055384159088,-0.7148200273513794,0.8487342000007629,0.008856050670146942,2.3785133361816406,0.0006873297970741987
1631219515.80799985,268837,5,0,-253320674,-575154228,123.33000946044922,-0.7091214656829834,0.705086350440979,0.006574905943125486,-0.601606547832489,0.9797788858413696,-0.1261375993490219,2.374232053756714,-0.007146558258682489
1631219517.43899989,270437,5,0,-253320674,-575154228,123.33000946044922,-0.6779671907424927,0.7350921630859375,-0.028418928384780884,-0.597739040851593,0.9603771567344666,-0.05124814808368683,2.3630847930908203,-0.003589038038626313
1631219518.99000001,272027,5,0,-253320674,-575154228,123.33000946044922,-0.6775275468826294,0.7354974746704102,-0.018755773082375526,-0.4929034113883972,0.9143227338790894,-0.11640428751707077,2.3556814193725586,-0.005291541572660208
1631219520.64599991,273621,5,0,-253322601,-575156975,123.33000946044922,-0.7815767526626587,0.052497826516628265,0.030253900215029716,-0.5938019752502441,-1.4483206272125244,0.10732435435056686,2.8033788204193115,0.7853981852531433
1631219522.21700001,275221,5,0,-253322601,-575156975,123.33000946044922,-0.6268619894981384,-0.7791303396224976,0.03257885202765465,-1.120652198791504,0.42503485083580017,-0.149663046002388,-2.2618095874786377,-0.004008554387837648
1631219523.77799988,276816,5,0,-253322601,-575156975,123.33000946044922,-0.7043808102607727,-0.7098223567008972,-0.0006352636846713722,-0.8091214895248413,0.3259003162384033,-0.22603297233581543,-2.2652111053466797,0.003564640413969755
1631219525.47799993,278408,5,0,-253322601,-575156975,123.33000946044922,-0.49587878584861755,-0.8683918118476868,-0.03274168819189072,-0.4970981478691101,0.09488734602928162,-0.3832927942276001,-2.2564923763275146,0.004606567323207855
1631219526.99899983,280009,5,0,-253322601,-575156975,123.33000946044922,-0.43891918659210205,-0.8985266089439392,0.00073797139339149,-0.4778164327144623,0.039354465901851654,-0.19948430359363556,-2.2538809776306152,-0.00045572203816846013
1631219528.57200003,281596,5,0,-253322601,-575156975,123.33000946044922,-0.5276598334312439,-0.8494559526443481,0.03380659595131874,-0.5589764714241028,0.07041418552398682,-0.18467387557029724,-2.2572124004364014,-0.0017212432576343417
1631219530.27199984,283196,5,0,-253322601,-575156975,123.33000946044922,-0.6009209752082825,-0.7993083596229553,0.026941532269120216,-0.6646194458007812,0.17638148367404938,-0.2702590823173523,-2.260438919067383,-0.0019180042436346412
1631219531.83699989,284787,5,0,-253322601,-575156975,123.33000946044922,-0.6410527229309082,-0.7674968838691711,0.05211086571216583,-0.6523496508598328,0.09243732690811157,-0.20989738404750824,-2.2624669075012207,-0.0004171347536612302
1631219533.38899994,286385,5,0,-253322601,-575156975,123.33000946044922,-0.611547589302063,-0.7912076711654663,0.03290238603949547,-0.7024476528167725,0.05109212547540665,-0.10730647295713425,-2.260812282562256,0.0005734169390052557
1631219534.98799992,287979,5,0,-253322601,-575156975,123.33000946044922,-0.6812955141067505,-0.7320085763931274,0.053998563438653946,-0.8415301442146301,0.10461433976888657,-0.14807088673114777,-2.2650017738342285,-0.0024327076971530914
1631219536.55099988,289577,5,0,-253322601,-575156975,123.33000946044922,-0.7131897807121277,-0.7009710073471069,0.02968362346291542,-0.9427974224090576,-0.05678451806306839,0.005671948194503784,-2.267461061477661,0.0011918942909687757
1631219538.15199995,291176,5,0,-253322601,-575156975,123.33000946044922,-0.7051947116851807,-0.7090137600898743,0.05665203183889389,-1.0429376363754272,-0.1518077254295349,-0.2664206624031067,-2.2672154903411865,-0.0007523172535002232
1631219539.83299994,292762,5,0,-253322601,-575156975,123.33000946044922,-0.6737658381462097,-0.7389450073242188,0.0082134073600173,-0.9941827654838562,-0.137942373752594,0.05892784893512726,-2.2650668621063232,-0.0002750536077655852
1631219541.42799997,294365,5,0,-253322601,-575156975,123.33000946044922,-0.6876012086868286,-0.7260885834693909,0.10665348172187805,-1.256421446800232,-0.24703288078308105,0.16601145267486572,-2.2664403915405273,-0.0016046901000663638
1631219542.93499994,295956,5,0,-253322601,-575156975,123.33000946044922,-0.7094600200653076,-0.7047457098960876,0.07295577228069305,-1.2696799039840698,-0.295542448759079,-0.04672680422663689,-2.2689225673675537,0.001465500332415104
1631219544.54799986,297551,5,0,-253322601,-575156975,123.33000946044922,-0.6703605651855469,-0.7420355081558228,-0.0755123645067215,-1.115842580795288,-0.22866278886795044,-0.40176090598106384,-2.2655484676361084,0.0006346898153424263
1631219546.10099983,299143,5,0,-253322601,-575156975,123.33000946044922,-0.655817985534668,-0.7549189925193787,-0.11567604541778564,-1.0952255725860596,-0.2129211723804474,-0.6048270463943481,-2.264312744140625,0.0007844808860681951
1631219547.76999998,300747,5,0,-253322601,-575156975,123.33000946044922,-0.628899335861206,-0.7630245685577393,0.01900400035083294,-1.0157101154327393,0.061990682035684586,0.057212114334106445,-2.2620484828948975,-0.00154948141425848
1631219549.31299996,302335,5,0,-253322601,-575156975,123.33000946044922,-0.6337454319000244,-0.7223623394966125,0.07597142457962036,-1.0802279710769653,-0.12465917319059372,-0.14841338992118835,-2.2654848098754883,0.0021737120114266872
1631219550.93799996,303937,5,0,-253322601,-575156975,123.33000946044922,-0.6675739288330078,-0.6939776539802551,-0.00883021205663681,-1.1898078918457031,-0.10056643933057785,0.0453360378742218,-2.2723944187164307,-0.0066259317100048065
1631219552.54099989,305525,5,0,-253322601,-575156975,123.33000946044922,-0.679978609085083,-0.7332320809364319,0.06493250280618668,-1.3873399496078491,-0.31503018736839294,0.11072643101215363,-2.2721457481384277,0.0027308345306664705
1631219554.09500003,307127,5,0,-253322601,-575156975,123.33000946044922,-0.6230747699737549,-0.7821622490882874,-0.00434773787856102,-1.2310351133346558,-0.4890224039554596,-0.2959359884262085,-2.258239507675171,0.018211888149380684
1631219555.72000003,308716,5,0,-253322601,-575156975,123.33000946044922,-0.6185238361358643,-0.785766065120697,0.09697254002094269,-1.3622641563415527,-0.47345808148384094,0.1155460774898529,-2.254608154296875,-0.011772744357585907
1631219557.30699992,310317,5,0,-253322601,-575156975,123.33000946044922,-0.6777099967002869,-0.7353293895721436,0.12508296966552734,-1.3885855674743652,-0.4305726885795593,0.0585477240383625,-2.28934383392334,-0.054694488644599915
1631219558.86199999,311910,5,0,-253323078,-575156517,123.33000946044922,-0.8649243712425232,0.501902163028717,0.12047572433948517,-1.4334617853164673,-0.14010314643383026,-0.10233151167631149,2.8238964080810547,-0.7853981852531433
1631219560.46399999,313508,5,0,-253323078,-575156517,123.33000946044922,-0.7788989543914795,0.6049960851669312,-0.11067909747362137,-1.063005805015564,0.05989149957895279,-0.35084855556488037,2.550260305404663,0.004618488717824221
1631219562.08799982,315097,5,0,-253323078,-575156517,123.33000946044922,-0.7143818140029907,0.6350001692771912,-0.029489362612366676,-1.0288221836090088,0.26913800835609436,0.1382177174091339,2.521369457244873,-0.03419210761785507
1631219563.67499995,316695,5,0,-253321170,-575153694,123.33000946044922,-0.658565878868103,0.7525230646133423,0.04758252575993538,-0.425110399723053,0.8643126487731934,0.06676007807254791,2.3349268436431885,-0.7853981256484985
1631219565.27900004,318289,5,0,-253321170,-575153694,123.33000946044922,0.5139902830123901,0.8577959537506104,-0.04955795034766197,-0.025883793830871582,0.019999980926513672,-0.4235716462135315,1.0816468000411987,-0.7853981852531433
1631219566.88899994,319883,5,0,-253321170,-575153694,123.33000946044922,0.6902105808258057,0.7236086130142212,-0.09001214057207108,-0.502507209777832,0.06049756333231926,-0.21039679646492004,0.9561757445335388,6.763110286556184e-05
1631219568.44499993,321474,5,0,-253321170,-575153694,123.33000946044922,0.700609028339386,0.7135455012321472,-0.14782866835594177,-0.3880921006202698,0.05455403029918671,-0.3012249767780304,0.9554936289787292,-0.0005190091906115413
1631219570.05699992,323076,5,0,-253321170,-575153694,123.33000946044922,0.7579217553138733,0.6523454785346985,-0.0951467752456665,-0.07743409276008606,-0.07184705138206482,-0.28878962993621826,0.9523809552192688,-0.0035400777123868465
1631219571.65299988,324668,5,0,-253321170,-575153694,123.33000946044922,0.7556182146072388,0.6550123691558838,-0.0531860888004303,0.031172512099146843,-0.01357240229845047,-0.2819861173629761,0.9521273374557495,0.0002027055452344939
1631219573.24499989,326267,5,0,-253321170,-575153694,123.33000946044922,0.7263621687889099,0.6873121857643127,-0.008205116726458073,-0.027028610929846764,0.09065786749124527,-0.2883199155330658,0.953283429145813,0.0024533180985599756
1631219574.82900000,327857,5,0,-253321170,-575153694,123.33000946044922,0.639703631401062,0.7686218023300171,-0.0019323588348925114,-0.10026971250772476,0.28900146484375,-0.2947167754173279,0.957624077796936,0.0029978423845022917
1631219576.44700003,329454,5,0,-253321170,-575153694,123.33000946044922,0.6002435684204102,0.7998173236846924,0.0030076357070356607,-0.05380695313215256,0.1507648229598999,-0.19788621366024017,0.9595502018928528,-0.0015107474755495787
1631219578.03199983,331046,5,0,-253321170,-575153694,123.33000946044922,0.5786404609680176,0.8155828714370728,-0.04936247691512108,-0.18621206283569336,0.17699116468429565,-0.27959325909614563,0.9606326818466187,0.001571890665218234
1631219579.67899990,332644,5,0,-253321170,-575153694,123.33000946044922,0.5709589123725891,0.8209786415100098,-0.03943001106381416,-0.20254197716712952,0.10512721538543701,-0.25381672382354736,0.9610756039619446,0.00014820114301983267
1631219581.19899988,334236,5,0,-253321170,-575153694,123.33000946044922,0.5708991289138794,0.8210203051567078,-0.004156042356044054,-0.02882913313806057,0.3578673005104065,-0.2854359745979309,0.9610959887504578,-0.000780916481744498
1631219582.82599998,335837,5,0,-253321170,-575153694,123.33000946044922,0.5922293066978455,0.8057695031166077,-0.06589746475219727,-0.08614519238471985,0.2894704043865204,-0.29770800471305847,0.9596651792526245,-9.337135998066515e-05
1631219584.47000003,337428,5,0,-253321170,-575153694,123.33000946044922,0.54358971118927,0.8393511176109314,0.004104064777493477,-0.3197181224822998,0.2763914465904236,-0.20809248089790344,0.9630186557769775,0.004265978466719389
1631219586.07200003,339031,5,0,-253321170,-575153694,123.33000946044922,0.5230835676193237,0.8522815108299255,-0.013722113333642483,-0.1610877811908722,0.23812147974967957,-0.4098098874092102,0.9648410081863403,-0.002807443495839834
1631219587.60699987,340616,5,0,-253321170,-575153694,123.33000946044922,0.6013195514678955,0.7990086674690247,0.005765628535300493,-0.019201934337615967,0.2639855444431305,-0.21337798237800598,0.9584470987319946,-0.00020432229212019593
1631219589.16100001,342213,5,0,-253321170,-575153694,123.33000946044922,0.5843037962913513,0.8115350008010864,-0.016467997804284096,0.05211375653743744,0.3366636037826538,-0.20262888073921204,0.9598516821861267,-0.0005445114220492542
1631219590.83899999,343814,5,0,-253321170,-575153694,123.33000946044922,0.6118004322052002,0.791012167930603,0.05013739690184593,0.06467193365097046,0.36592137813568115,-0.27242058515548706,0.9566526412963867,-0.0015053650131449103
1631219592.50000000,345407,5,0,-253321170,-575153694,123.33000946044922,0.5773862600326538,0.81647127866745,0.02535785175859928,-0.06544744968414307,0.3133314251899719,-0.3018474578857422,0.9603573083877563,0.0032322185579687357
1631219594.01899981,346997,5,0,-253321170,-575153694,123.33000946044922,0.5531957745552063,0.8330513834953308,0.02743224985897541,0.009663956239819527,0.363302618265152,-0.1698153167963028,0.9638548493385315,-0.0022265338338911533
1631219595.55599999,348596,5,0,-253321170,-575153694,123.33000946044922,0.5998453497886658,0.8001161217689514,-0.028613746166229248,0.011391725391149521,0.32409894466400146,-0.35063257813453674,0.9560099840164185,-0.00015859329141676426
1631219597.17899990,350196,5,0,-253321170,-575153694,123.33000946044922,0.5688560605049133,0.8224371671676636,-0.05775733292102814,-0.09727063775062561,0.24521039426326752,-0.2921640872955322,0.9618780016899109,0.0035824656952172518
1631219598.73799992,351786,5,0,-253321170,-575153694,123.33000946044922,0.559185802936554,0.829042375087738,-0.004036739002913237,-0.1111927255988121,0.3041727840900421,-0.1715013086795807,0.965342104434967,0.00831619743257761
1631219600.33399987,353379,5,0,-253321170,-575153694,123.33000946044922,0.5693311095237732,0.8221083879470825,0.022005464881658554,0.03287402540445328,0.29860949516296387,-0.1972331553697586,0.9628514647483826,-0.001137617276981473
1631219601.96099997,354977,5,0,-253321953,-575152855,123.33000946044922,-0.6597287654876709,0.7515037655830383,-0.04512229934334755,-0.6103441715240479,0.3994063138961792,-0.2318158894777298,1.9149249792099,0.7853981852531433
1631219603.56799984,356567,5,0,-253321953,-575152855,123.33000946044922,-0.6457680463790894,0.7635337114334106,0.08678977936506271,-0.5763823986053467,0.8310654759407043,-0.04926663637161255,2.269409656524658,-0.004915847443044186
1631219605.12299991,358171,5,0,-253321953,-575152855,123.33000946044922,-0.6328030824661255,0.7743127346038818,0.09537260979413986,-0.7314226031303406,0.8615893125534058,-0.0839095264673233,2.267530679702759,0.008130094967782497
1631219606.74199986,359764,5,0,-253321953,-575152855,123.33000946044922,-0.697607696056366,0.7164798974990845,0.020890820771455765,-0.8542976379394531,0.843212902545929,-0.12286868691444397,2.27822208404541,0.004455457907170057
1631219608.33200002,361355,5,0,-253321953,-575152855,123.33000946044922,-0.663960337638855,0.7477678060531616,-0.0323537178337574,-0.515244722366333,0.7112589478492737,-0.14051876962184906,2.273221969604492,-0.007094167172908783
1631219609.91699982,362955,5,0,-253321953,-575152855,123.33000946044922,-0.6842424869537354,0.7292546033859253,0.02583351917564869,-0.7733638882637024,0.6491884589195251,0.07669277489185333,2.2797436714172363,0.015735136345028877
1631219611.52999997,364544,5,0,-253321953,-575152855,123.33000946044922,-0.6676676869392395,0.7444595098495483,0.0013123166281729937,-0.6256771683692932,0.7751035690307617,-0.13893425464630127,2.2779135704040527,-0.01758936606347561
1631219613.10099983,366147,5,0,-253321953,-575152855,123.33000946044922,-0.5775739550590515,0.8163384199142456,0.0043586972169578075,-0.48391270637512207,0.9152820110321045,0.06355100125074387,2.2334933280944824,-0.026773836463689804
1631219614.71700001,367747,5,0,-253323629,-575155373,123.33000946044922,-0.7180750966072083,-0.6959657669067383,-0.042349282652139664,-0.7059075236320496,-0.037740081548690796,-0.19860434532165527,3.099586009979248,0.7853981852531433
1631219616.30599999,369328,5,0,-253323629,-575155373,123.33000946044922,-0.5970886945724487,-0.8021752834320068,-0.10715975612401962,-0.8366718888282776,0.29412293434143066,-0.1566525399684906,-2.238600254058838,-0.0013151225866749883
1631219617.93700004,370929,5,0,-253323629,-575155373,123.33000946044922,-0.6287628412246704,-0.7775971293449402,-0.12084978073835373,-0.8636679649353027,0.21972106397151947,-0.25941038131713867,-2.2400712966918945,-0.0007465314702130854
1631219619.52699995,372526,5,0,-253323629,-575155373,123.33000946044922,-0.5308274030685425,-0.847480058670044,-0.07450266927480698,-0.7191407680511475,0.21389888226985931,-0.11474432051181793,-2.23539662361145,0.0029830371495336294
1631219621.12999988,374117,5,0,-253323629,-575155373,123.33000946044922,-0.49090737104415894,-0.8712118864059448,0.024316543713212013,-0.6065585613250732,0.15249304473400116,-0.15453754365444183,-2.2331862449645996,-0.000990933389402926
1631219622.70199990,375717,5,0,-253323629,-575155373,123.33000946044922,-0.49578002095222473,-0.8684481382369995,0.02491302229464054,-0.6591100692749023,-0.11328784376382828,-0.3684506416320801,-2.233046770095825,0.00034177477937191725
1631219624.30499983,377305,5,0,-253323629,-575155373,123.33000946044922,-0.5317884683609009,-0.8468772172927856,0.012829444371163845,-0.6720709800720215,-0.009222929365932941,-0.16438916325569153,-2.2345669269561768,-0.0017284186324104667
1631219625.91999984,378906,5,0,-253323629,-575155373,123.33000946044922,-0.5897408723831177,-0.807592511177063,0.01143940631300211,-0.666156530380249,0.06438803672790527,-0.17673295736312866,-2.237727165222168,-0.0008127617766149342
1631219627.53699994,380498,5,0,-253323629,-575155373,123.33000946044922,-0.6387395262718201,-0.7694231867790222,0.006798281334340572,-0.7140095829963684,0.2559022307395935,-0.1133594959974289,-2.2409706115722656,-0.0032902199309319258
1631219629.08500004,382097,5,0,-253323629,-575155373,123.33000946044922,-0.605787992477417,-0.7609557509422302,0.01141350343823433,-0.5854336619377136,0.2411460280418396,-0.17025373876094818,-2.239863634109497,0.00150024623144418
1631219630.67999983,383686,5,0,-253323629,-575155373,123.33000946044922,-0.5741376280784607,-0.74465012550354,-0.019859962165355682,-0.5331291556358337,0.17599615454673767,-0.20557302236557007,-2.2389094829559326,-0.0019269101321697235
1631219632.26099992,385286,5,0,-253323629,-575155373,123.33000946044922,-0.5864275097846985,-0.7891328930854797,0.010361853986978531,-0.5651234984397888,0.09712338447570801,-0.20460832118988037,-2.237549066543579,0.0023558519314974546
1631219633.85800004,386875,5,0,-253323629,-575155373,123.33000946044922,-0.6256124973297119,-0.7801340222358704,0.028359917923808098,-0.6202554702758789,0.16816721856594086,-0.0533423125743866,-2.2402353286743164,-0.004440536722540855
1631219635.53799987,388476,5,0,-253323629,-575155373,123.33000946044922,-0.6449382901191711,-0.764234721660614,-0.006472757086157799,-0.6277388334274292,0.1843768060207367,-0.09671943634748459,-2.2426412105560303,-0.0005545846652239561
1631219637.02499986,390066,5,0,-253323629,-575155373,123.33000946044922,-0.6438477635383606,-0.7651535868644714,0.016782812774181366,-0.5739063024520874,0.11078809946775436,-0.07779140025377274,-2.2429721355438232,-0.00028585645486600697
1631219638.64199996,391666,5,0,-253323629,-575155373,123.33000946044922,-0.6175158619880676,-0.7865585088729858,0.043556857854127884,-0.5719016790390015,0.09041470289230347,-0.10225477069616318,-2.239229679107666,0.0004179809184279293
1631219640.22099996,393256,5,0,-253323629,-575155373,123.33000946044922,-0.6044354438781738,-0.796654224395752,-0.02884376421570778,-0.5770215392112732,-0.014229778200387955,-0.16947856545448303,-2.236511707305908,0.001393432030454278
1631219641.87299991,394857,5,0,-253323629,-575155373,123.33000946044922,-0.643509566783905,-0.7654381394386292,0.033826109021902084,-0.7962213158607483,-0.18384170532226562,-0.0652625560760498,-2.245807647705078,-0.006931324489414692
1631219643.45799994,396454,5,0,-253323629,-575155373,123.33000946044922,-0.606042206287384,-0.7954325675964355,0.025456206873059273,-0.802932858467102,-0.33371227979660034,-0.0037029050290584564,-2.2348599433898926,-0.0012791425688192248
1631219645.01799989,398046,5,0,-253323629,-575155373,123.33000946044922,-0.5854636430740356,-0.8106987476348877,-0.02933582104742527,-0.6599246263504028,-0.40748798847198486,-0.20530889928340912,-2.2220332622528076,0.021130559965968132
1631219646.64199996,399638,5,0,-253321992,-575157247,123.24980926513672,0.3012373149394989,0.12266603112220764,-0.05298508703708649,0.6529497504234314,-0.1753593385219574,-0.3185111880302429,-1.4716215133666992,0.7853981852531433
1631219648.25899982,401238,5,0,-253321992,-575157247,123.24980926513672,0.7201647162437439,-0.6938031315803528,-0.034939322620630264,-0.28214481472969055,-0.2683040201663971,-0.13601525127887726,-0.8753362894058228,0.0
1631219649.85399985,402828,5,0,-253321992,-575157247,123.24980926513672,0.662863552570343,-0.7171601057052612,-0.035710737109184265,-0.2376900166273117,-0.025135867297649384,-0.18986132740974426,-0.8753362894058228,0.0
1631219651.51600003,404427,5,0,-253321992,-575157247,123.24980926513672,0.6800227761268616,-0.7331910133361816,-0.02125483751296997,-0.30769360065460205,-0.20646589994430542,-0.3060426115989685,-0.8753362894058228,0.0
1631219653.11899996,406021,5,0,-253321992,-575157247,123.24980926513672,0.6077252626419067,-0.7941474914550781,-0.032717879861593246,-0.393772691488266,-0.2758840024471283,-0.07006923854351044,-0.8753362894058228,0.0
1631219654.60699987,407614,5,0,-253321992,-575157247,123.24980926513672,0.6111969947814941,-0.7914785742759705,-0.0036024642176926136,-0.30072852969169617,-0.33441439270973206,-0.1574064940214157,-0.8753362894058228,0.0
1631219656.17599988,409215,5,0,-253321992,-575157247,123.24980926513672,0.653622031211853,-0.7568211555480957,-0.026099519804120064,-0.2500603199005127,-0.07049748301506042,-0.3591274619102478,-0.8753362894058228,0.0
1631219657.78799987,410805,5,0,-253321992,-575157247,123.24980926513672,0.6516821384429932,-0.7584922313690186,-0.01928444392979145,-0.287180095911026,-0.14313818514347076,-0.09522844105958939,-0.8753362894058228,0.0
1631219659.39999986,412398,5,0,-253321992,-575157247,123.24980926513672,0.5971019864082336,-0.8021653294563293,0.013684290461242199,-0.5151060819625854,-0.3260285556316376,-0.20907607674598694,-0.8753362894058228,0.0
1631219661.01799989,413994,5,0,-253321992,-575157247,123.24980926513672,0.48523786664009094,-0.8743822574615479,-0.04631434381008148,-0.7155163884162903,-0.267998605966568,-0.23239514231681824,-0.8753362894058228,0.0
1631219662.58699989,415596,5,0,-253321992,-575157247,123.24980926513672,0.5769550800323486,-0.8069440126419067,-0.022405121475458145,-0.27646470069885254,-0.111930251121521,-0.11193172633647919,-0.8753362894058228,0.0
1631219664.14899993,417186,5,0,-253321992,-575157247,123.24980926513672,0.7346779108047485,-0.6784161925315857,-0.07283590734004974,-0.2250484824180603,-0.0183658916503191,-0.2587969899177551,-0.8753362894058228,0.0
1631219665.74599981,418780,5,0,-253321992,-575157247,123.24980926513672,0.6579663157463074,-0.6897225379943848,-0.02782740816473961,-0.3992362320423126,-0.054766613990068436,-0.09645423293113708,-0.8753362894058228,0.0
1631219667.35899997,420377,5,0,-253321992,-575157247,123.24980926513672,0.6108244061470032,-0.7372835874557495,-0.04466952010989189,-0.4435279965400696,-0.051534973084926605,-0.2708840072154999,-0.8753362894058228,0.0
1631219668.98899984,421974,5,0,-253321992,-575157247,123.24980926513672,0.5733813643455505,-0.725835382938385,-0.012880333699285984,-0.542051374912262,-0.08488723635673523,-0.17751824855804443,-0.8753362894058228,0.0
1631219670.58899999,423566,5,0,-253321992,-575157247,123.24980926513672,0.563250720500946,-0.7263725399971008,-0.03576882556080818,-0.3592008352279663,-0.09736362099647522,-0.10839436948299408,-0.8753362894058228,0.0
1631219672.21000004,425165,5,0,-253321992,-575157247,123.24980926513672,0.6191647052764893,-0.7852612137794495,-0.014069493860006332,-0.18482235074043274,-0.3230162262916565,-0.2484927773475647,-0.8753362894058228,0.0
1631219673.82399988,426759,5,0,-253321992,-575157247,118.33000946044922,0.4749801754951477,-0.42945432662963867,0.8861008882522583,-0.40179163217544556,-0.034190863370895386,-0.15639570355415344,0.28559446334838867,0.7853981852531433
1631219675.32299995,428350,5,0,-253321992,-575157247,118.33000946044922,-0.2742970883846283,-0.14796756207942963,0.7236592173576355,-1.1804454326629639,-0.2807607352733612,-0.04391384869813919,0.9543706774711609,0.0
1631219676.92699981,429950,5,0,-253321992,-575157247,118.33000946044922,-0.32440993189811707,-0.12226232886314392,0.6481584906578064,-0.7351826429367065,-0.08228784799575806,-0.40697500109672546,0.9543706774711609,0.0
1631219678.51600003,431538,5,0,-253321992,-575157247,118.33000946044922,nan,nan,nan,0.0,0.0,100.0,0.5648302435874939,0.0
