timestamp,POSITION_TARGET_LOCAL_NED.time_boot_ms,POSITION_TARGET_LOCAL_NED.coordinate_frame,POSITION_TARGET_LOCAL_NED.type_mask,POSITION_TARGET_LOCAL_NED.x,POSITION_TARGET_LOCAL_NED.y,POSITION_TARGET_LOCAL_NED.z,POSITION_TARGET_LOCAL_NED.vx,POSITION_TARGET_LOCAL_NED.vy,POSITION_TARGET_LOCAL_NED.vz,POSITION_TARGET_LOCAL_NED.afx,POSITION_TARGET_LOCAL_NED.afy,POSITION_TARGET_LOCAL_NED.afz,POSITION_TARGET_LOCAL_NED.yaw,POSITION_TARGET_LOCAL_NED.yaw_rate
1631219342.31399989,95302,1,63,nan,nan,nan,nan,nan,nan,0.0,0.0,100.0,0.9279618859291077,0.0
1631219343.38699985,96371,1,63,nan,nan,nan,nan,nan,nan,0.0,0.0,100.0,0.9278755784034729,0.0
1631219344.40100002,97430,1,0,1.0048547983169556,0.5233458876609802,0.1033051535487175,-0.007937117479741573,-0.05147087946534157,0.8707190752029419,-0.06302310526371002,-0.14713138341903687,5.972817897796631,0.9280965328216553,0.0
1631219345.50099993,98490,1,0,1.0039104223251343,0.5219837427139282,0.08938580751419067,-0.021847650408744812,-0.0862128809094429,0.09242187440395355,-0.02482026070356369,-0.16563959419727325,3.6825101375579834,0.9280965328216553,0.0
1631219346.59299994,99563,1,0,1.0031909942626953,0.5196028351783752,0.10242469608783722,-0.004108739085495472,-0.10553295165300369,-0.25193294882774353,-0.08286050707101822,-0.08480685204267502,2.089392900466919,0.9280965328216553,0.0
1631219347.62399983,100623,1,0,1.0027494430541992,0.5162837505340576,0.09153565764427185,0.01739358715713024,-0.13724979758262634,-0.5840012431144714,0.22853346168994904,-0.31138524413108826,0.1445578634738922,0.9280965328216553,0.0
1631219348.70499992,101682,1,0,1.0026155710220337,0.5127520561218262,-0.26218536496162415,0.10540938377380371,-0.1605459302663803,-0.9029668569564819,0.3533485531806946,-0.354501336812973,-0.050836414098739624,0.9280965328216553,0.0
1631219349.82599998,102741,1,0,1.0027375221252441,0.5098119974136353,-0.9610005617141724,0.17019517719745636,-0.15432511270046234,-0.9947775602340698,0.3711605370044708,-0.4294816851615906,0.1886157989501953,0.9280965328216553,0.0
1631219350.78299999,103811,1,0,1.0028798580169678,0.5069488286972046,-1.8828091621398926,0.07451093196868896,-0.16243283450603485,-0.9998645782470703,0.18041732907295227,-0.4329281747341156,0.24765253067016602,0.938971757888794,0.0
1631219351.88100004,104870,1,0,1.0030217170715332,0.5041000843048096,-2.858443021774292,0.05191992595791817,-0.16999323666095734,-0.999605655670166,0.3246670663356781,-0.4204949736595154,-0.009066581726074219,0.938971757888794,0.0
1631219352.96799994,105933,1,0,1.003159999847412,0.501336395740509,-3.810305118560791,0.056807294487953186,-0.16030824184417725,-0.8146342039108276,0.3205241560935974,-0.44220155477523804,0.35443809628486633,0.938971757888794,0.0
1631219354.01300001,107002,1,0,1.0137158632278442,0.4102218449115753,-4.421018123626709,0.3299741744995117,-0.5365632772445679,-0.2940734922885895,1.8619697093963623,-1.874044418334961,0.8968477249145508,0.5061869621276855,-0.7853981852531433
1631219355.04499984,108067,1,0,1.521787166595459,-0.23368032276630402,-4.539242267608643,0.6442857980728149,-0.7647847533226013,0.022802643477916718,0.7272816300392151,-0.9319400191307068,0.41048765182495117,-0.3441525995731354,-0.7853981852531433
1631219356.13999987,109126,1,0,2.102229595184326,-0.7842082977294922,-4.574662685394287,0.7124990224838257,-0.7016730308532715,0.020350167527794838,0.44646891951560974,-1.516734004020691,0.23789341747760773,-0.6565573811531067,-0.0005932778585702181
1631219357.18199992,110189,1,0,2.7377893924713135,-1.2685524225234985,-4.585521221160889,0.7662395238876343,-0.6425550580024719,-0.01982865110039711,0.8105319142341614,-1.1026244163513184,0.17220333218574524,-0.6532885432243347,0.0041220844723284245
1631219358.24300003,111250,1,0,3.375401020050049,-1.754461407661438,-4.5964155197143555,0.8454381227493286,-0.5340734124183655,-0.06458698213100433,0.9056466221809387,-0.876106321811676,0.06206637620925903,-0.6471971869468689,0.007595520466566086
1631219359.29399991,112309,1,0,4.02061128616333,-2.246159553527832,-4.6074395179748535,0.8695970177650452,-0.49376219511032104,-0.10332905501127243,0.7054168581962585,-0.6649694442749023,0.009209580719470978,-0.6448277831077576,0.003844371298328042
1631219360.39399981,113381,1,0,4.710962295532227,-2.7722597122192383,-4.619236469268799,0.853482723236084,-0.5211213827133179,-0.09356152266263962,0.6454669237136841,-0.6580613851547241,0.0036058127880096436,-0.6460554599761963,-0.003271830268204212
1631219361.42999983,114442,1,0,5.485121250152588,-3.3622255325317383,-4.632463455200195,0.7859144806861877,-0.6183353066444397,-0.06720045208930969,0.47743847966194153,-0.738551914691925,0.09153677523136139,-0.6519226431846619,-0.0050186291337013245
1631219362.47399998,115501,1,0,6.318208694458008,-3.997101306915283,-4.64669942855835,0.7127204537391663,-0.6331409215927124,0.02331477403640747,0.3453039824962616,-0.6891880035400391,0.13192103803157806,-0.655189573764801,0.0016263530123978853
1631219363.55900002,116570,1,0,7.175464630126953,-4.650395393371582,-4.661344528198242,0.723777174949646,-0.5683483481407166,-0.030834965407848358,0.48749953508377075,-0.5769820213317871,-0.07794235646724701,-0.651974618434906,0.0035342704504728317
1631219364.58200002,117634,1,0,8.021646499633789,-5.295248508453369,-4.675802230834961,0.7597436308860779,-0.5343161821365356,-0.08738928288221359,0.31308484077453613,-0.541402280330658,-0.23640362918376923,-0.6489484906196594,0.0011364164529368281
1631219365.69499993,118701,1,0,8.864824295043945,-5.9378132820129395,-4.690208911895752,0.6666295528411865,-0.5295089483261108,-0.06286607682704926,0.17396272718906403,-0.3966808021068573,0.020070921629667282,-0.6523295640945435,-0.0007281361031346023
1631219366.77099991,119761,1,0,9.707162857055664,-6.579733371734619,-4.704601764678955,0.6093807816505432,-0.5215129256248474,0.016072498634457588,0.03941565379500389,-0.3038437068462372,0.14155317842960358,-0.6545314788818359,0.004546402953565121
1631219367.77900004,120822,1,0,10.549774169921875,-7.221866607666016,-4.718999862670898,0.5816808938980103,-0.5787865519523621,0.07904750108718872,0.04066896438598633,-0.5884771943092346,0.11427121609449387,-0.6595115661621094,-0.009327525272965431
1631219368.86699986,121890,1,0,11.406754493713379,-7.874950408935547,-4.733641147613525,0.5933672785758972,-0.7447318434715271,0.07071858644485474,0.024206211790442467,-0.9279820322990417,-0.008761635050177574,-0.6708359718322754,-0.019562652334570885
1631219369.97199988,122953,1,0,12.25301456451416,-8.519864082336426,-4.748097896575928,0.5620601177215576,-0.8270964026451111,0.09014330804347992,-0.17926181852817535,-0.9009608626365662,0.16354656219482422,-0.6802796125411987,-0.0006411172216758132
1631219371.04499984,124014,1,0,13.096863746643066,-9.162940979003906,-4.762516498565674,0.6038879752159119,-0.7970691919326782,0.0602775514125824,-0.016257217153906822,-0.756823718547821,-0.05210906267166138,-0.6782572269439697,0.006075242068618536
1631219372.10099983,125081,1,0,13.938644409179688,-9.804442405700684,-4.7768988609313965,0.6847765445709229,-0.6845636367797852,-0.034759558737277985,-0.01603652723133564,-0.6463443636894226,-0.21703283488750458,-0.6658598184585571,0.006741740275174379
1631219373.18099999,126141,1,0,14.78166389465332,-10.446887016296387,-4.7913031578063965,0.6567975282669067,-0.6527661681175232,-0.06160254031419754,-0.1070762574672699,-0.6906365752220154,-0.07170972228050232,-0.6666536927223206,-0.003255176590755582
1631219374.22000003,127211,1,0,15.6393404006958,-11.100499153137207,-4.805957794189453,0.6252725124359131,-0.6680828928947449,-0.006169186905026436,-0.16816261410713196,-0.6955018639564514,-0.05632425472140312,-0.6737141609191895,-0.01178516075015068
1631219375.31799984,128273,1,0,16.477880477905273,-11.73953914642334,-4.820287227630615,0.5921820402145386,-0.7128261923789978,0.0007861414924263954,-0.32292333245277405,-0.8081890344619751,-0.12007226049900055,-0.6871116161346436,-0.011585264466702938
1631219376.32499981,129328,1,0,17.32357406616211,-12.384024620056152,-4.834736347198486,0.6275085806846619,-0.7353514432907104,0.008810888975858688,-0.16025911271572113,-0.8035423755645752,-0.1336105465888977,-0.6938271522521973,0.0018298303475603461
1631219377.46000004,130402,1,0,18.170034408569336,-13.029085159301758,-4.8491997718811035,0.719788670539856,-0.6599826812744141,0.004755490459501743,-0.02873842418193817,-0.5645926594734192,-0.21619412302970886,-0.67478346824646,0.0377824567258358
1631219378.54099989,131461,1,0,19.012781143188477,-13.671320915222168,-4.863597869873047,0.7187014222145081,-0.6341440081596375,-0.026494473218917847,-0.26297518610954285,-0.608485221862793,-0.22573848068714142,-0.6756840944290161,-0.013405579142272472
1631219379.63699985,132520,1,0,19.855947494506836,-14.312239646911621,-4.877937316894531,0.6421265602111816,-0.6240555644035339,0.03229223191738129,-0.4285486340522766,-0.30512043833732605,-0.008673757314682007,-0.5790426731109619,0.7853981852531433
1631219380.61500001,133589,1,0,20.738609313964844,-14.190057754516602,-4.8864898681640625,0.6428461670875549,0.7210420966148376,0.03734510764479637,0.024505186825990677,-0.6141510009765625,-0.5259175300598145,0.26404064893722534,0.7853981852531433
1631219381.70199990,134649,1,0,21.525636672973633,-13.488648414611816,-4.88909912109375,0.5927091836929321,0.6948662996292114,0.01312057301402092,0.3566224277019501,-1.2259441614151,0.07531145215034485,0.8747450709342957,-0.014975609257817268
1631219382.74000001,135709,1,0,22.207780838012695,-12.671924591064453,-4.889613151550293,0.6392008662223816,0.42091917991638184,0.043182678520679474,0.14682190120220184,-0.6459410190582275,-0.03379545360803604,0.86708003282547,-0.0037939012981951237
1631219383.77399993,136782,1,0,22.88969612121582,-11.855469703674316,-4.890128135681152,0.6323586702346802,0.42586058378219604,0.004627453163266182,0.11450104415416718,-0.6082296967506409,-0.12064647674560547,0.867077648639679,0.002798780333250761
1631219386.25799990,137841,1,0,23.564044952392578,-11.048076629638672,-4.8906354904174805,0.5993409156799316,0.5933066606521606,-0.04521690681576729,0.03516095504164696,-0.4805903732776642,-0.15875694155693054,0.8717933893203735,0.005666370969265699
1631219386.25999999,138900,1,0,24.248210906982422,-10.228927612304688,-4.891151428222656,0.5725125670433044,0.7751815319061279,-0.011917096562683582,0.06821437925100327,-0.23961710929870605,-0.0758858174085617,0.8772042393684387,0.0022076768800616264
1631219388.30199981,139969,1,0,24.92045783996582,-9.424047470092773,-4.891657829284668,0.5498983860015869,0.8352317214012146,-0.012654882855713367,-0.014901732094585896,-0.08636923134326935,-0.1305980384349823,0.8796033263206482,0.003982599824666977
1631219388.30299997,141029,1,0,25.543203353881836,-8.678444862365723,-4.89212703704834,0.48921892046928406,0.8721611499786377,-0.0546405054628849,-0.1404392272233963,0.031241053715348244,-0.28334563970565796,0.8827701807022095,0.0018185816006734967
1631219389.06399989,142092,1,0,26.14919662475586,-7.952891826629639,-4.892581462860107,0.48761314153671265,0.873059868812561,-0.09268659353256226,-0.26087212562561035,-0.02168932370841503,-0.2790226936340332,0.8831486105918884,-0.0005683637573383749
1631219390.13699985,143161,1,0,26.752574920654297,-7.230467319488525,-4.893036365509033,0.5067827701568604,0.8620737791061401,-0.05368479713797569,-0.16340884566307068,0.04890403896570206,-0.13551725447177887,0.8825104236602783,-0.00251165428198874
1631219391.20299983,144221,1,0,27.362092971801758,-6.500694751739502,-4.893499851226807,0.5240777134895325,0.8516704440116882,-0.016833903267979622,-0.17877697944641113,0.052766911685466766,-0.25469517707824707,0.8818573355674744,-0.0003128435055259615
1631219392.24199986,145279,1,0,27.971759796142578,-5.770742893218994,-4.893959045410156,0.5514332056045532,0.8342190980911255,0.011004740372300148,-0.21501563489437103,-0.00032459991052746773,-0.31235042214393616,0.880551278591156,-0.0008778978371992707
1631219393.31900001,146353,1,0,28.60325050354004,-5.014660835266113,-4.894433498382568,0.5546431541442871,0.8320884108543396,-0.0008048431482166052,-0.2500317394733429,0.01600455865263939,-0.3633038401603699,0.8806245923042297,-0.00237515801563859
1631219394.41799998,147413,1,0,29.237634658813477,-4.255114555358887,-4.8949127197265625,0.6022580862045288,0.7983013987541199,0.02668941207230091,-0.0029515139758586884,-0.102192223072052,-0.02328149974346161,0.8776971101760864,-0.003277753246948123
1631219395.51899981,148472,1,0,29.879661560058594,-3.4864203929901123,-4.8953986167907715,0.7025063633918762,0.7116774916648865,0.03347235172986984,0.34763646125793457,-0.22158583998680115,-0.055048368871212006,0.8700900077819824,-0.008579793386161327
1631219396.48899984,149540,1,0,30.486528396606445,-2.759812831878662,-4.895856857299805,0.8046332001686096,0.5937722325325012,0.03142128139734268,0.7318806648254395,-0.28419163823127747,-0.06665588170289993,0.8604001998901367,-0.008051365613937378
1631219397.61999989,150600,1,0,31.05146026611328,-2.08341908454895,-4.8962836265563965,0.8294570446014404,0.5585705637931824,0.030665811151266098,0.6292973160743713,-0.20724135637283325,-0.1729491651058197,0.8568607568740845,0.0017968950560316443
1631219398.64399981,151664,1,0,31.6190185546875,-1.4038771390914917,-4.896711826324463,0.7505818605422974,0.6607774496078491,0.0017721414333209395,0.5289501547813416,-0.09757010638713837,-0.1588880568742752,0.8645666837692261,0.008671648800373077
1631219399.78499985,152732,1,0,32.17876434326172,-0.7336997389793396,-4.897131443023682,0.6653420329093933,0.7465387582778931,-0.003753391094505787,0.38590219616889954,-0.043623119592666626,0.004923410713672638,0.8725847005844116,0.004963747691363096
1631219400.75099993,153793,1,0,32.74592208862305,-0.054703108966350555,-4.89755916595459,0.6368345022201538,0.7710005640983582,0.012207455933094025,0.4296289384365082,0.0024633072316646576,-0.019051432609558105,0.875369668006897,-0.0018804031424224377
1631219401.85899997,154852,1,0,33.31495666503906,0.6265375018119812,-4.897989749908447,0.6833373308181763,0.7301027178764343,0.017964066937565804,0.570809006690979,-0.15785792469978333,-0.07171855866909027,0.8703169822692871,-0.006875473074615002
1631219402.89100003,155911,1,0,33.88947296142578,1.3143547773361206,-4.898426532745361,0.734500527381897,0.678608238697052,-0.0050920527428388596,0.5831571221351624,-0.07838836312294006,-0.1570839285850525,0.8635469675064087,-0.0017425466794520617
1631219403.97199988,156979,1,0,34.476043701171875,2.016627788543701,-4.898871421813965,0.7208805084228516,0.6930593848228455,0.016368309035897255,0.5055268406867981,-0.04648317024111748,-0.01251155138015747,0.8643867373466492,0.00403085071593523
1631219405.09500003,158044,1,0,35.09868621826172,2.7620584964752197,-4.899341106414795,0.6720885038375854,0.7404708862304688,0.01558147557079792,0.4008491635322571,-0.037691276520490646,-0.04378427192568779,0.8705739378929138,-0.0009769088355824351
1631219406.11500001,159112,1,0,35.73735046386719,3.526733636856079,-4.899827003479004,0.6308268308639526,0.7759236097335815,0.02279723435640335,0.33683666586875916,0.1363089382648468,-0.027904603630304337,0.8765382766723633,0.006466286722570658
1631219407.19799995,160171,1,0,36.3686408996582,4.282560348510742,-4.900306701660156,0.5874741673469543,0.8092429637908936,0.035389192402362823,0.323615163564682,0.21507182717323303,0.008835654705762863,0.8840249180793762,0.006061038468033075
1631219408.23399997,161232,1,0,36.991764068603516,5.028624057769775,-4.900782585144043,0.5955749750137329,0.8032997846603394,0.011005628854036331,0.480826735496521,0.1721823662519455,-0.10858303308486938,0.8837589025497437,-0.012667642906308174
1631219409.33099985,162299,1,0,37.613277435302734,5.77273416519165,-4.901256084442139,0.6815176606178284,0.7318016886711121,0.0009274599724449217,0.5670886635780334,-0.044153667986392975,-0.06240446865558624,0.8655760288238525,-0.017778810113668442
1631219410.36800003,163359,1,0,38.239471435546875,6.522496223449707,-4.901735782623291,0.7034526467323303,0.7107422351837158,0.00028857908910140395,0.5883409380912781,-0.05728372931480408,-0.026084057986736298,0.8570743203163147,-0.008449086919426918
1631219411.46099997,164424,1,0,38.88275909423828,7.292734146118164,-4.90222692489624,0.6954562067985535,0.7185685038566589,0.049867354333400726,0.5202530026435852,-0.057292014360427856,0.03638824075460434,0.8552375435829163,-0.002535263542085886
1631219412.46000004,165482,1,0,39.52928161621094,8.066847801208496,-4.9027228355407715,0.6513703465461731,0.7587599754333496,0.010465134866535664,0.3954145908355713,0.10059527307748795,-0.15369516611099243,0.8697459101676941,0.023947130888700485
1631219413.55299997,166551,1,0,40.19871520996094,8.870316505432129,-4.903229713439941,0.6143253445625305,0.7890528440475464,-0.05049198120832443,0.003989696502685547,0.12110969424247742,-0.005546346306800842,0.9816718101501465,0.7853981852531433
1631219414.63699985,167610,1,0,40.1512565612793,9.681987762451172,-4.903514862060547,-0.7090471982955933,0.7051610946655273,-0.03676574304699898,-0.35253122448921204,-0.20169219374656677,-0.06920752674341202,1.810273289680481,0.7853981852531433
1631219415.67799997,168683,1,0,39.5378303527832,10.34598445892334,-4.90356969833374,-0.7216906547546387,0.6922156810760498,-0.006660317536443472,-0.28593316674232483,0.5655860304832458,-0.026561716571450233,2.3249895572662354,-0.008882553316652775
1631219416.74499989,169743,1,0,38.95203399658203,10.977632522583008,-4.90362024307251,-0.6373535990715027,0.7705714702606201,-0.03612528741359711,-0.12995776534080505,0.7863970398902893,-0.10528659075498581,2.311875581741333,-0.020361635833978653
1631219417.88299990,170816,1,0,38.33999252319336,11.637572288513184,-4.903670787811279,-0.5915822386741638,0.8062447309494019,-0.03746088594198227,-0.0981849953532219,0.699423611164093,0.02694093808531761,2.3029332160949707,0.004165207501500845
1631219418.84599996,171876,1,0,37.70045852661133,12.327183723449707,-4.903720378875732,-0.6771303415298462,0.735863208770752,-0.031988274306058884,-0.20066818594932556,0.48731476068496704,-0.06821337342262268,2.3178815841674805,0.02789582870900631
1631219419.94400001,172930,1,0,37.03850555419922,13.040956497192383,-4.903773307800293,-0.7627094984054565,0.6467412114143372,-0.03581813722848892,-0.30567875504493713,0.304230660200119,0.013908479362726212,2.3407063484191895,0.024564256891608238
1631219420.96099997,173991,1,0,36.38307189941406,13.747739791870117,-4.903825759887695,-0.801793098449707,0.5976017713546753,-0.0427653007209301,-0.3360936939716339,0.23275552690029144,-0.2023974508047104,2.3599908351898193,0.00535228056833148
1631219422.12399983,175058,1,0,35.66559600830078,14.521434783935547,-4.903886318206787,-0.8030610084533691,0.5807932019233704,0.019658183678984642,-0.3095327317714691,0.07259470969438553,0.0620560459792614,2.376558303833008,0.031382255256175995
1631219423.09699988,176123,1,0,34.94515609741211,15.29835319519043,-4.903947353363037,-0.793346107006073,0.6009184122085571,0.08581259101629257,-0.45715925097465515,0.21341700851917267,0.07585176825523376,2.3927149772644043,0.018047943711280823
1631219424.19499993,177182,1,0,34.252235412597656,15.973376274108887,-4.9039998054504395,-0.8912534713745117,0.24988067150115967,0.09476619958877563,-0.7228180766105652,-1.4228696823120117,0.15706388652324677,2.805156946182251,0.7853981852531433
1631219425.23899984,178255,1,0,33.522621154785156,15.654597282409668,-4.90402364730835,-0.7531009912490845,-0.657904863357544,0.07647605985403061,-0.4822332262992859,-0.8897953033447266,0.1254480481147766,-2.628160238265991,0.7853981852531433
1631219426.30599999,179310,1,0,33.00841522216797,15.064266204833984,-4.90402364730835,-0.7741702795028687,-0.6329774260520935,0.09046211838722229,-1.1364907026290894,-0.505217432975769,0.2690066695213318,-2.2825355529785156,0.0010137290228158236
1631219427.42299986,180378,1,0,32.52647399902344,14.499314308166504,-4.90402364730835,-0.7457691431045532,-0.6662044525146484,0.01578698679804802,-1.0553617477416992,-0.30800768733024597,-0.15471965074539185,-2.281327962875366,0.002224152209237218
1631219428.45799994,181443,1,0,31.98515510559082,13.864700317382812,-4.90402364730835,-0.6683298349380493,-0.7438651919364929,-0.04549760743975639,-0.9486563205718994,-0.3315269649028778,-0.26654210686683655,-2.2779059410095215,0.003225527470931411
1631219429.49399996,182502,1,0,31.389509201049805,13.166407585144043,-4.90402364730835,-0.5979049801826477,-0.8015670776367188,-0.09162355959415436,-0.7780888676643372,-0.32074427604675293,-0.17915402352809906,-2.2748584747314453,0.0026191449724137783
1631219430.57799983,183562,1,0,30.756607055664062,12.424463272094727,-4.90402364730835,-0.5829042792320251,-0.8125408291816711,0.005743658635765314,-0.9742297530174255,-0.4670414626598358,0.08348695933818817,-2.274110794067383,-0.0005220067105256021
1631219431.69499993,184632,1,0,30.117151260375977,11.674822807312012,-4.90402364730835,-0.619211733341217,-0.7852240800857544,0.054568368941545486,-1.028390884399414,-0.4291781485080719,-0.22823596000671387,-2.275649070739746,-0.0024600685574114323
1631219432.65899992,185690,1,0,29.505773544311523,10.958076477050781,-4.90402364730835,-0.6683251857757568,-0.7438693046569824,0.021219732239842415,-1.1269865036010742,-0.30530843138694763,-0.18064849078655243,-2.2779812812805176,-0.0005992380902171135
1631219433.76699996,186762,1,0,28.898624420166016,10.24631118774414,-4.90402364730835,-0.6726274490356445,-0.7399813532829285,0.023010175675153732,-1.0829352140426636,-0.34940871596336365,-0.16603264212608337,-2.2782392501831055,0.0003814019146375358
1631219434.78099990,187809,1,0,28.295503616333008,9.539266586303711,-4.90402364730835,-0.6424545645713806,-0.7663238644599915,0.057564567774534225,-0.9887933135032654,-0.5836645364761353,-0.1355472058057785,-2.27669095993042,0.0018643096555024385
1631219435.85599995,188881,1,0,27.695032119750977,8.835321426391602,-4.90402364730835,-0.6026474833488464,-0.798007607460022,0.028996208682656288,-0.8189444541931152,-0.6640448570251465,-0.19727081060409546,-2.274624824523926,0.003404459683224559
1631219437.00000000,189941,1,0,27.10155487060547,8.139586448669434,-4.90402364730835,-0.5585373640060425,-0.8294793367385864,0.02250540256500244,-0.7843895554542542,-0.6503063440322876,-0.11223914474248886,-2.2722036838531494,0.00021351236500777304
1631219438.00199986,191010,1,0,26.49202537536621,7.425029754638672,-4.90402364730835,-0.5744832158088684,-0.8185164928436279,0.05258752033114433,-0.9466949701309204,-0.7460286021232605,0.07569311559200287,-2.272864818572998,0.00048003741540014744
1631219439.05299997,192069,1,0,25.893461227416992,6.723306655883789,-4.90402364730835,-0.5931900143623352,-0.8050625324249268,0.06459940969944,-0.9216286540031433,-0.7228231430053711,-0.14923731982707977,-2.273756980895996,-0.003417275147512555
1631219440.14599991,193142,1,0,25.292125701904297,6.018341064453125,-4.90402364730835,-0.643407940864563,-0.7655235528945923,0.053243882954120636,-1.022512435913086,-0.5847439169883728,-0.07857818901538849,-2.2766366004943848,-0.004301337990909815
1631219441.19899988,194201,1,0,24.69046974182129,5.313009738922119,-4.90402364730835,-0.6928896903991699,-0.721043586730957,0.05116473510861397,-1.1083226203918457,-0.5538392663002014,-0.09229323267936707,-2.2799792289733887,-0.0014131274074316025
1631219443.30999994,196329,1,0,23.42999267578125,3.835325002670288,-4.90402364730835,-0.6742570996284485,-0.7384966611862183,-0.010553108528256416,-0.8087384700775146,-0.4892716109752655,-0.22981522977352142,-2.278903007507324,0.002216729335486889
1631219444.37500000,197389,1,0,22.749755859375,3.037851572036743,-4.90402364730835,-0.6450093984603882,-0.7227769494056702,0.009671253152191639,-0.7752127051353455,-0.401569664478302,-0.22394056618213654,-2.2783117294311523,0.001135766739025712
1631219445.41699982,198453,1,0,22.059223175048828,2.2283217906951904,-4.90402364730835,-0.5866577625274658,-0.6431220173835754,0.024901192635297775,-0.6967372894287109,-0.19709071516990662,-0.17142941057682037,-2.278865098953247,-0.002760059665888548
1631219446.54299998,199521,1,0,21.371315002441406,1.421866536140442,-4.90402364730835,-0.6001677513122559,-0.6485379338264465,0.0363159254193306,-0.7738093733787537,-0.30246075987815857,-0.2134769707918167,-2.2794382572174072,-0.00043800106504932046
1631219447.62800002,200581,1,0,20.6839542388916,0.6160578727722168,-4.90402364730835,-0.6074641942977905,-0.7313445806503296,0.023726163432002068,-0.7233613133430481,-0.46916279196739197,-0.20044219493865967,-2.276162624359131,0.00441973889246583
1631219448.65499997,201650,1,0,19.984407424926758,-0.20405156910419464,-4.90402364730835,-0.6046828031539917,-0.7896646857261658,0.019466688856482506,-0.5632583498954773,-0.35120975971221924,-0.10692235082387924,-2.2729430198669434,0.0012735319323837757
1631219449.72399998,202709,1,0,19.296815872192383,-1.0101375579833984,-4.90402364730835,-0.573900580406189,-0.7748650908470154,0.035444602370262146,-0.5917219519615173,-0.3326165974140167,-0.1870669573545456,-2.2714133262634277,-0.0028588594868779182
1631219450.80399990,203773,1,0,18.60624885559082,-1.8197078704833984,-4.90402364730835,-0.6501681208610535,-0.7145323753356934,0.061077915132045746,-0.8779101371765137,-0.20639878511428833,-0.13756315410137177,-2.2798912525177,-0.012233912944793701
1631219451.82399988,204832,1,0,17.929100036621094,-2.6135594844818115,-4.90402364730835,-0.7246118187904358,-0.6891573071479797,0.0754987820982933,-0.9750008583068848,-0.2919316291809082,-0.06987740099430084,-2.2875471115112305,-0.0020467948634177446
1631219452.92699981,205901,1,0,17.276283264160156,-3.378875970840454,-4.90402364730835,-0.7101772427558899,-0.7040229439735413,0.034105293452739716,-0.9150286316871643,-0.3988872766494751,-0.09615002572536469,-2.2863998413085938,0.004909956362098455
1631219455.07399988,208034,1,0,15.942669868469238,-4.942307949066162,-4.904024124145508,-0.6807834506034851,-0.732484757900238,-0.07652810961008072,-0.7269882559776306,-0.34655702114105225,-0.2775767743587494,-2.2831454277038574,0.009604254737496376
1631219456.15299988,209093,1,0,15.25736141204834,-5.745729923248291,-4.904025554656982,-0.5982624888420105,-0.710793673992157,-0.125453382730484,-0.5770397782325745,-0.03953361511230469,-0.3198543190956116,-2.275977373123169,-0.0012551704421639442
1631219457.12599993,210153,1,0,14.569547653198242,-6.552093505859375,-4.904034614562988,-0.5812801122665405,-0.6224395632743835,-0.09200901538133621,-0.6712737679481506,0.07769764959812164,-0.035137057304382324,-2.285050392150879,-0.00995053630322218
1631219458.22199988,211221,1,0,13.882261276245117,-7.357848167419434,-4.904045104980469,-0.5912837982177734,-0.5867882966995239,-0.007147969678044319,-0.6089536547660828,0.0554792657494545,-0.18736585974693298,-2.295496702194214,-0.001759507809765637
1631219460.30699992,213344,1,0,12.498096466064453,-8.980579376220703,-4.904067039489746,-0.6438900828361511,-0.7586127519607544,0.018130779266357422,-0.6076446175575256,-0.21729762852191925,-0.14089275896549225,-2.284569263458252,0.0
1631219461.46599984,214403,1,0,11.691388130187988,-9.232033729553223,-4.9040703773498535,-0.840398371219635,0.5419689416885376,0.031660061329603195,-0.33332401514053345,1.1549553871154785,-0.051637932658195496,-3.1055619716644287,-0.7853981852531433
1631219462.47000003,215472,1,0,10.872427940368652,-8.763193130493164,-4.9040703773498535,-0.6896483898162842,0.7241443395614624,0.04702883958816528,-0.4097275733947754,0.8236148953437805,0.11430933326482773,2.5763604640960693,-0.01737128384411335
1631219463.52799988,216531,1,0,9.981776237487793,-8.242890357971191,-4.9040703773498535,-0.7393088340759277,0.6733666658401489,0.014421381987631321,-0.6114212274551392,0.4008066952228546,-0.15655545890331268,2.5813345909118652,0.028452344238758087
1631219464.57099986,217600,1,0,9.114348411560059,-7.7361578941345215,-4.9040703773498535,-0.844853937625885,0.5349971652030945,-0.008865928277373314,-0.9259776473045349,0.19442521035671234,-0.14101362228393555,2.6064064502716064,0.020282387733459473
1631219465.66599989,218659,1,0,8.270723342895508,-7.243332862854004,-4.9040703773498535,-0.9131805896759033,0.40755516290664673,0.01625651679933071,-1.266426920890808,0.37509000301361084,0.16181685030460358,2.6348650455474854,0.007501188199967146
1631219466.69700003,219723,1,0,7.512579917907715,-6.800443172454834,-4.9040703773498535,-0.9131829738616943,0.40754982829093933,0.07117058336734772,-1.3494945764541626,0.46247971057891846,-0.024429813027381897,2.6383681297302246,-0.0013988912105560303
1631219467.75300002,220783,1,0,6.819280624389648,-6.3954315185546875,-4.9040703773498535,-0.8907290101051331,0.4545348286628723,0.0859055444598198,-1.2649011611938477,0.5510256886482239,0.1020631268620491,2.628678560256958,-0.004423273727297783
1631219468.88199997,221851,1,0,6.139242649078369,-5.998168468475342,-4.9040703773498535,-0.8724733591079712,0.48866164684295654,0.046987492591142654,-1.25547194480896,0.5694991946220398,0.05480150878429413,2.619173765182495,-0.02454329840838909
1631219469.91799998,222911,1,0,5.4562296867370605,-5.5991644859313965,-4.9040703773498535,-0.8742407560348511,0.48549264669418335,-0.012873649597167969,-1.3237254619598389,0.4762503504753113,0.08515357971191406,2.623387336730957,0.0034699831157922745
1631219470.95499992,223980,1,0,4.904017448425293,-5.099849224090576,-4.9040703773498535,-0.3536086976528168,0.9353933930397034,-0.003443717258051038,0.396240234375,1.2705758810043335,0.06303826719522476,1.9774280786514282,-0.7853981852531433
1631219472.14800000,225043,1,0,5.286185264587402,-4.327345371246338,-4.9040703773498535,0.5480217933654785,0.8364640474319458,-0.08860982209444046,-0.45372259616851807,0.33846887946128845,-0.34202027320861816,1.1482412815093994,-0.7853981852531433
1631219473.10399985,226103,1,0,5.870794773101807,-3.5090510845184326,-4.9040703773498535,0.7932809591293335,0.6088559627532959,-0.10621467232704163,-0.1686742752790451,-0.24024756252765656,-0.13066676259040833,0.9411918520927429,-0.004993611481040716
1631219474.13299990,227167,1,0,6.494495868682861,-2.6360387802124023,-4.9040703773498535,0.8500345945358276,0.5267270803451538,-0.09924714267253876,-0.09557495266199112,-0.09897919744253159,-0.3634416460990906,0.9376780986785889,-0.002583059249445796
1631219476.42400002,228231,1,0,7.103178977966309,-1.7840476036071777,-4.9040703773498535,0.7934796810150146,0.608596920967102,-0.05343742296099663,-0.36586886644363403,-9.483471512794495e-05,-0.23783361911773682,0.9404736161231995,0.009463842026889324
1631219476.42599988,229290,1,0,7.684518337249756,-0.9703333377838135,-4.9040703773498535,0.652283251285553,0.7579754590988159,-0.03504011407494545,-0.4232557415962219,0.19226542115211487,-0.4057503640651703,0.947270393371582,0.004868842661380768
1631219477.35399985,230363,1,0,8.278993606567383,-0.13822819292545319,-4.9040703773498535,0.6081256866455078,0.7938408255577087,-0.05361437425017357,-0.4244144558906555,0.30701693892478943,-0.4196666479110718,0.9492306113243103,0.0010195443173870444
1631219478.48899984,231418,1,0,8.858306884765625,0.6726583242416382,-4.9040703773498535,0.6311132311820984,0.7756907343864441,-0.07856585830450058,-0.4684259593486786,0.14441724121570587,-0.6365733742713928,0.9481093287467957,-0.0019006337970495224
1631219479.46199989,232482,1,0,9.4292631149292,1.4718515872955322,-4.9040703773498535,0.6405981183052063,0.7678762674331665,-0.01078968308866024,-0.5544034838676453,0.18506865203380585,-0.30893972516059875,0.9475225210189819,0.0005073625943623483
1631219480.57299995,233551,1,0,10.015158653259277,2.2919392585754395,-4.9040703773498535,0.6420819759368896,0.766636073589325,0.047543685883283615,-0.3462119400501251,0.022199805825948715,-0.23270586133003235,0.9473296999931335,-0.0013745588948950171
1631219481.67599988,234610,1,0,10.591425895690918,3.0985567569732666,-4.9040703773498535,0.6660956740379333,0.7458662986755371,0.013860352337360382,-0.4444902241230011,-0.05239006504416466,-0.4496821463108063,0.9458595514297485,0.0013481472851708531
1631219482.62399983,235669,1,0,11.174483299255371,3.9146740436553955,-4.9040703773498535,0.6504557132720947,0.7595441937446594,0.0040131532587111,-0.31036561727523804,0.22218690812587738,-0.32078197598457336,0.9465765953063965,-0.00020404660608619452
1631219483.78499985,236733,1,0,11.751524925231934,4.722377777099609,-4.9040703773498535,0.6580907702445984,0.7529386878013611,0.000663811806589365,-0.1396961361169815,0.3651832342147827,-0.3394685387611389,0.9459669589996338,0.000740845687687397
1631219484.78699994,237802,1,0,12.29888916015625,5.488540172576904,-4.9040703773498535,0.6378893256187439,0.770128071308136,0.00469686184078455,-0.3241003751754761,0.08164939284324646,-0.2855628430843353,0.9470382332801819,0.0011891884496435523
1631219485.84099984,238861,1,0,12.852625846862793,6.2636284828186035,-4.9040703773498535,0.6336599588394165,0.7736117243766785,-0.012365368194878101,-0.254308819770813,0.1428423970937729,-0.3188863694667816,0.9471615552902222,0.00013075376045890152
1631219487.03199983,239930,1,0,13.420276641845703,7.058188438415527,-4.9040703773498535,0.633084237575531,0.7740829586982727,-0.056763723492622375,-0.06790952384471893,0.33925455808639526,-0.4219268560409546,0.9470440149307251,-0.0008488508174195886
1631219487.96199989,240994,1,0,13.953890800476074,7.80510139465332,-4.9040703773498535,0.632763147354126,0.7743453979492188,-0.04555905610322952,0.15259939432144165,0.40348270535469055,-0.1723310947418213,0.9469318389892578,-0.0008539253612980247
1631219489.09999990,242053,1,0,14.458196640014648,8.510995864868164,-4.9040703773498535,0.6728277206420898,0.7397992610931396,-0.003515420015901327,0.17360979318618774,0.3145761489868164,-0.19129811227321625,0.9437808990478516,-0.00463055120781064
1631219490.11999989,243121,1,0,14.948209762573242,9.19688606262207,-4.9040703773498535,0.6299718022346497,0.7766180634498596,-0.020285839214920998,-0.21103353798389435,0.4780747890472412,-0.26483064889907837,0.9466766119003296,0.006843984127044678
1631219491.24000001,244181,1,0,15.462481498718262,9.916725158691406,-4.9040703773498535,0.5498345494270325,0.8352736234664917,-0.04947548732161522,-0.24799877405166626,0.5365784764289856,-0.4662323594093323,0.9528379440307617,0.002642661100253463
1631219492.22799993,245241,1,0,15.998017311096191,10.666326522827148,-4.9040703773498535,0.5395562648773193,0.8419496417045593,-0.04171503707766533,-0.44794848561286926,0.2625414729118347,-0.26556187868118286,0.9538297653198242,0.0013255650410428643
1631219493.30599999,246309,1,0,16.591705322265625,11.497334480285645,-4.9040703773498535,0.534417986869812,0.8450348973274231,-0.06387518346309662,-0.5650731325149536,0.05985654145479202,-0.3801254332065582,0.9545648694038391,-0.001286260667257011
1631219494.38299990,247373,1,0,17.2104549407959,12.363407135009766,-4.9040703773498535,0.4620108902454376,0.6429601311683655,-0.05421791225671768,-0.7716323733329773,-0.3449474573135376,-0.3539143204689026,0.9502807855606079,-0.0032448701094835997
1631219495.40999985,248433,1,0,17.82632827758789,13.225492477416992,-4.9040703773498535,0.46961510181427,0.5275089740753174,-0.01773904822766781,-0.6878576278686523,-0.41207703948020935,-0.30357444286346436,0.9438338875770569,0.0007763360044918954
1631219496.47299981,249500,1,0,18.441923141479492,14.087197303771973,-4.9040703773498535,0.48650267720222473,0.647137463092804,-0.02446165308356285,-0.704525351524353,-0.1686229556798935,-0.31768691539764404,0.9485390186309814,0.004685460589826107
1631219497.52199984,250561,1,0,19.057634353637695,14.94903564453125,-4.9040703773498535,0.5675317645072937,0.706009030342102,-0.00763282785192132,-0.415166437625885,-0.22399093210697174,-0.2777388393878937,0.9451849460601807,-0.010440303944051266
1631219498.59500003,251620,1,0,19.673498153686523,15.811113357543945,-4.9040703773498535,0.6622554659843445,0.739059567451477,0.006495625711977482,-0.3499755859375,-0.15611980855464935,-0.3143134117126465,0.9378651976585388,-0.0026359877083450556
1631219499.76300001,252692,1,0,20.28306007385254,16.66437339782715,-4.9040703773498535,0.6812523007392883,0.732048749923706,-0.008100171573460102,-0.24827486276626587,-0.11994251608848572,-0.22035545110702515,0.9337325096130371,0.0007355210254900157
1631219500.78999996,253752,1,0,20.859329223632812,17.471023559570312,-4.9040703773498535,0.6593548059463501,0.7518320083618164,-0.03994561359286308,-0.20413096249103546,0.1634707897901535,-0.3419787883758545,0.9359098672866821,0.004578557796776295
1631219501.77600002,254812,1,0,21.420467376708984,18.256488800048828,-4.9040703773498535,0.6093977093696594,0.7928646206855774,-0.06598900258541107,-0.22256910800933838,0.13814383745193481,-0.22148144245147705,0.9446610808372498,0.006800795439630747
1631219502.86599994,255880,1,0,21.95929718017578,19.01070213317871,-4.9040703773498535,0.6082196831703186,0.7937687635421753,-0.009492972865700722,-0.2669740319252014,0.07228869199752808,-0.19031783938407898,0.9439820051193237,0.0020061153918504715
1631219503.92499995,256939,1,0,22.500131607055664,19.767709732055664,-4.9040703773498535,0.5971128940582275,0.8021572232246399,0.07506610453128815,-0.1971406489610672,-0.04764257371425629,-0.12058521807193756,0.9458829164505005,-0.0018687433330342174
1631219504.96799994,257999,1,0,23.05581283569336,20.545495986938477,-4.9040703773498535,0.6146230101585388,0.7888211011886597,0.09371528029441833,-0.04255068302154541,0.1515125334262848,-0.18692035973072052,0.9380295276641846,-0.0017600839491933584
1631219506.02999997,259063,1,0,23.590789794921875,21.29429817199707,-4.9040703773498535,0.6048098802566528,0.7963699102401733,0.056645531207323074,0.09297505021095276,0.4097203016281128,-0.1804315447807312,0.9393184185028076,-0.009094799868762493
1631219507.14299989,260136,1,0,24.09781265258789,22.003963470458984,-4.904070854187012,0.6023387908935547,0.798240602016449,0.019828910008072853,-0.11395315080881119,0.35932260751724243,-0.318784236907959,0.9579605460166931,0.7853981852531433
1631219508.21899986,261199,1,0,24.184307098388672,22.709421157836914,-4.904070854187012,-0.34717702865600586,0.9377995729446411,0.002852346748113632,-0.7772765755653381,0.7087785005569458,-0.31841814517974854,1.7899645566940308,0.7853981852531433
1631219509.22299981,262263,1,0,23.56967544555664,23.331321716308594,-4.904070854187012,-0.5733370184898376,0.8193196058273315,0.07466039061546326,-0.7690125107765198,0.9597362875938416,0.14387913048267365,2.359255075454712,0.011683494783937931
1631219510.39100003,263323,1,0,22.985858917236328,23.89081573486328,-4.904070854187012,-0.6444437503814697,0.7646517157554626,0.12271779775619507,-0.7352913022041321,0.939395010471344,-0.03671931475400925,2.366921901702881,0.004279962740838528
1631219511.41400003,264392,1,0,22.403539657592773,24.448881149291992,-4.904070854187012,-0.6796858310699463,0.7335034608840942,0.09689546376466751,-0.7407846450805664,0.8704524040222168,-0.15805989503860474,2.371140480041504,0.005014500115066767
1631219512.43599987,265451,1,0,21.799665451049805,25.02757453918457,-4.904070854187012,-0.7049937844276428,0.7092136144638062,0.021711865440011024,-0.665521502494812,0.7524948120117188,-0.24577683210372925,2.374629497528076,-0.0019370343070477247
1631219513.49300003,266511,1,0,21.161693572998047,25.638961791992188,-4.904070854187012,-0.7177258729934692,0.6963258385658264,-0.020543327555060387,-0.662010908126831,0.8815891742706299,-0.010587573051452637,2.376685857772827,0.002758714137598872
1631219514.60999990,267579,1,0,20.50307273864746,26.270132064819336,-4.904070854187012,-0.7294713854789734,0.6840113401412964,0.04279602691531181,-0.7532175183296204,0.8704776763916016,0.0496421679854393,2.3791680335998535,-0.00231127068400383
1631219515.67999983,268643,1,0,19.838468551635742,26.90700912475586,-4.904070854187012,-0.7139618396759033,0.7001845836639404,0.01312484685331583,-0.6470621228218079,1.0038528442382812,-0.1319366693496704,2.3755698204040527,-0.004699472337961197
1631219516.72599983,269702,1,0,19.187725067138672,27.530628204345703,-4.904070854187012,-0.6910539269447327,0.7228032350540161,-0.02797294594347477,-0.6096808910369873,0.9759951829910278,-0.13848727941513062,2.368739366531372,-0.00843086652457714
1631219517.76199985,270771,1,0,18.505924224853516,28.183977127075195,-4.904070854187012,-0.6776475310325623,0.7353869676589966,-0.010249397717416286,-0.5478404760360718,0.965117335319519,0.05256353318691254,2.3619110584259033,-0.011276028119027615
1631219518.87800002,271831,1,0,17.824188232421875,28.83725929260254,-4.904070854187012,-0.6789249181747437,0.734207808971405,-0.012786776758730412,-0.4646657705307007,0.9009383916854858,-0.11921577155590057,2.357638359069824,-0.002694136230275035
1631219519.85800004,272890,1,0,17.110942840576172,29.520715713500977,-4.904070854187012,-0.6973364949226379,0.7167439460754395,-0.017930984497070312,-0.49570533633232117,0.912764310836792,-0.18586498498916626,2.359951972961426,0.014490902423858643
1631219520.95899987,273949,1,0,16.32452392578125,29.828372955322266,-4.904071807861328,-0.7873660326004028,-0.6164857149124146,0.04487113282084465,-0.6560633182525635,-0.3476307988166809,-0.327012300491333,3.0688962936401367,0.7853981852531433
1631219522.02600002,275009,1,0,15.671887397766113,29.195032119750977,-4.904071807861328,-0.6037967205047607,-0.7971383333206177,0.046535879373550415,-0.9790403842926025,0.27940088510513306,-0.00916031002998352,-2.3786864280700684,0.7853981256484985
1631219523.13800001,276091,1,0,15.101727485656738,28.50631332397461,-4.904071807861328,-0.7046419382095337,-0.709563136100769,0.025561703369021416,-0.9404115080833435,0.37711596488952637,0.045207057148218155,-2.2651634216308594,-0.0033898374531418085
1631219524.10500002,277141,1,0,14.538454055786133,27.82590103149414,-4.904071807861328,-0.6727428436279297,-0.7398763298988342,0.004476902540773153,-0.6651710271835327,0.18092860281467438,-0.27344197034835815,-2.2638635635375977,0.005769273731857538
1631219525.20799994,278210,1,0,13.931419372558594,27.092636108398438,-4.904071807861328,-0.5208938717842102,-0.8536213636398315,-0.029059072956442833,-0.5263195633888245,0.05073345825076103,-0.4327253997325897,-2.2574429512023926,0.005379769951105118
1631219526.23799992,279269,1,0,13.34546184539795,26.384843826293945,-4.904071807861328,-0.4284454882144928,-0.9035676717758179,-0.024165311828255653,-0.4367401599884033,0.008278516121208668,-0.2743180990219116,-2.253676414489746,0.0008066035807132721
1631219527.39499998,280333,1,0,12.756514549255371,25.673439025878906,-4.904071807861328,-0.45489418506622314,-0.8905456066131592,0.01114112138748169,-0.5267781019210815,0.0383622869849205,-0.22531276941299438,-2.254429340362549,-0.0014518190873786807
1631219528.36800003,281401,1,0,12.151947975158691,24.943147659301758,-4.904071807861328,-0.5183499455451965,-0.8551687002182007,0.03537634760141373,-0.5550300478935242,0.04823581874370575,-0.2127099633216858,-2.256821393966675,-0.001902502030134201
1631219529.45400000,282461,1,0,11.537881851196289,24.201400756835938,-4.904071807861328,-0.5634084343910217,-0.8261784911155701,0.04555727541446686,-0.6011649370193481,0.18651750683784485,-0.1824280321598053,-2.2586910724639893,-0.0018587849335744977
1631219530.53199983,283529,1,0,10.913044929504395,23.446624755859375,-4.904071807861328,-0.6173031330108643,-0.7867254614830017,0.021908031776547432,-0.6526453495025635,0.1400207281112671,-0.21985062956809998,-2.261242628097534,-0.00229823449626565
1631219531.59500003,284593,1,0,10.292322158813477,22.69681739807129,-4.904071807861328,-0.6395919322967529,-0.7687146067619324,0.04901476576924324,-0.6532344818115234,0.09949041157960892,-0.24296841025352478,-2.2623918056488037,0.001028809230774641
1631219532.69400001,285653,1,0,9.677840232849121,21.95456886291504,-4.904071807861328,-0.638349175453186,-0.7697470188140869,0.045157600194215775,-0.6979191899299622,0.06395377963781357,-0.19678565859794617,-2.2623257637023926,0.0012626460520550609
1631219533.74399996,286712,1,0,9.074621200561523,21.225910186767578,-4.904071807861328,-0.6186041831970215,-0.7857028245925903,0.025845184922218323,-0.7341375350952148,0.004663008265197277,-0.10875967144966125,-2.261190176010132,-0.0029300223104655743
1631219534.87899995,287780,1,0,8.469924926757812,20.495458602905273,-4.904071807861328,-0.6732269525527954,-0.7394358515739441,0.05106077715754509,-0.7932583093643188,0.17413651943206787,-0.08199971914291382,-2.2644588947296143,-0.0034968408290296793
1631219535.87699986,288841,1,0,7.855806350708008,19.753631591796875,-4.904071807861328,-0.7113546133041382,-0.702833354473114,0.03724438324570656,-0.8889254927635193,0.17278283834457397,-0.22927920520305634,-2.2671446800231934,-0.0016213656635954976
1631219536.89499998,289913,1,0,7.226418495178223,18.993371963500977,-4.904071807861328,-0.7083443999290466,-0.7058670520782471,0.031763095408678055,-0.9415081739425659,-0.08374820649623871,-0.05909552425146103,-2.267184257507324,0.0011440954403951764
1631219537.98399997,290973,1,0,6.617216110229492,18.257484436035156,-4.904071807861328,-0.7022250890731812,-0.7119548916816711,0.05642363801598549,-1.051792860031128,-0.08162425458431244,-0.16288673877716064,-2.2669501304626465,-0.001293805195018649
1631219539.02300000,292032,1,0,6.021573066711426,17.53797149658203,-4.904071807861328,-0.6832032203674316,-0.7302283048629761,0.006475371774286032,-0.9530880451202393,-0.10031455755233765,-0.11032083630561829,-2.265695571899414,0.002881813095882535
1631219540.08399987,293100,1,0,5.421879768371582,16.81357765197754,-4.904071807861328,-0.6764472723007202,-0.7364910840988159,0.02923809178173542,-1.0854090452194214,-0.11415623873472214,0.13800209760665894,-2.2653210163116455,-0.0020714369602501392
1631219541.21099997,294160,1,0,4.820854663848877,16.08757209777832,-4.904071807861328,-0.6826046109199524,-0.730787992477417,0.0962250679731369,-1.1946983337402344,-0.2501349151134491,0.2378818690776825,-2.266014575958252,-0.0016571229789406061
1631219542.24499989,295219,1,0,4.241837978363037,15.388148307800293,-4.904071807861328,-0.7095927000045776,-0.704612135887146,0.10991308838129044,-1.305040955543518,-0.3538718521595001,0.056060317903757095,-2.2686879634857178,-0.0003600683412514627
1631219543.30499983,296292,1,0,3.666022300720215,14.692584991455078,-4.904071807861328,-0.7044847011566162,-0.709719181060791,0.06043591350317001,-1.2083613872528076,-0.22502508759498596,0.0015526823699474335,-2.268561840057373,-0.0009748577140271664
1631219544.35599995,297352,1,0,3.090169906616211,13.996986389160156,-4.904071807861328,-0.6753532290458679,-0.7374944686889648,-0.0552639365196228,-1.0670995712280273,-0.30240440368652344,-0.43374350666999817,-2.266005516052246,0.005670587532222271
1631219545.50899982,298411,1,0,2.483901023864746,13.264638900756836,-4.904071807861328,-0.6595971584320068,-0.7516193389892578,-0.12534527480602264,-1.1575871706008911,-0.1858319342136383,-0.5009248852729797,-2.2646002769470215,0.003650938393548131
1631219546.50699997,299479,1,0,1.8536258935928345,12.50329875946045,-4.904071807861328,-0.6448613405227661,-0.7642995715141296,-0.11709849536418915,-0.996610164642334,-0.26286453008651733,-0.48348966240882874,-2.2631945610046387,0.009637073613703251
1631219547.54600000,300542,1,0,1.196041464805603,11.708968162536621,-4.904071807861328,-0.6320027112960815,-0.7749661207199097,-0.0023062953259795904,-1.0578941106796265,-0.03868907690048218,-0.0706837922334671,-2.261544942855835,-0.0034346014726907015
1631219548.56799984,301602,1,0,0.5239837765693665,10.897148132324219,-4.904071807861328,-0.6193990707397461,-0.7121076583862305,0.1166829839348793,-1.112769365310669,-0.0983765572309494,0.06995958089828491,-2.264767646789551,2.6458614229341038e-05
1631219549.64800000,302662,1,0,-0.1515459567308426,10.081138610839844,-4.904071807861328,-0.6317648887634277,-0.7134546041488647,0.053433164954185486,-1.1284080743789673,-0.04790297895669937,-0.2241319715976715,-2.266045570373535,-0.008569139055907726
1631219550.71499991,303739,1,0,-0.8415183424949646,9.247685432434082,-4.904071807861328,-0.6525203585624695,-0.6855010986328125,-0.01580865867435932,-1.1697474718093872,-0.022237900644540787,0.03979620337486267,-2.2712836265563965,-0.0018743807449936867
1631219551.80299997,304790,1,0,-1.5172529220581055,8.431435585021973,-4.904071807861328,-0.6989824175834656,-0.7151390314102173,0.03124285861849785,-1.2203513383865356,-0.24298086762428284,0.08727142214775085,-2.2753145694732666,0.006518431939184666
1631219552.83899999,305862,1,0,-2.173485040664673,7.638740539550781,-4.904071807861328,-0.6713405251502991,-0.7411491274833679,0.08580396324396133,-1.3030236959457397,-0.4188009798526764,0.08193736523389816,-2.270411729812622,-0.0021591114345937967
1631219553.89299989,306922,1,0,-2.793097972869873,6.89027738571167,-4.904071807861328,-0.63515704870224,-0.772382915019989,0.009856447577476501,-1.2253260612487793,-0.5663888454437256,-0.34191790223121643,-2.2617039680480957,0.015495589934289455
1631219555.03799987,307981,1,0,-3.388949155807495,6.170517444610596,-4.904071807861328,-0.5921535491943359,-0.8058251142501831,0.03749530017375946,-1.2096792459487915,-0.5854011178016663,0.14445912837982178,-2.2471113204956055,0.005014813970774412
1631219556.15599990,309054,1,0,-3.978787422180176,5.458025932312012,-4.904071807861328,-0.6368206739425659,-0.7710119485855103,0.14149610698223114,-1.3501429557800293,-0.577141523361206,0.23668186366558075,-2.2615742683410645,-0.02322816476225853
1631219557.09899998,310113,1,0,-4.550718307495117,4.76716423034668,-4.904071807861328,-0.6681833863258362,-0.7439966201782227,0.1175527572631836,-1.3752360343933105,-0.43416598439216614,-0.022415269166231155,-2.281013011932373,-0.030657606199383736
1631219558.18599987,311168,1,0,-5.168022155761719,4.225341320037842,-4.904072284698486,-0.9890536665916443,-0.14755655825138092,0.12373460084199905,-1.8584920167922974,1.2907695770263672,0.08513597398996353,-2.8786325454711914,-0.7853981852531433
1631219559.25000000,312246,1,0,-5.96151876449585,4.620083332061768,-4.904072284698486,-0.8339124321937561,0.5518965721130371,0.08809786289930344,-1.3180913925170898,-0.061973631381988525,-0.1979903280735016,2.5669567584991455,-0.0736156776547432
1631219560.35200000,313301,1,0,-6.7827067375183105,5.149499416351318,-4.904072284698486,-0.7909123301506042,0.6119296550750732,-0.08751992136240005,-1.069356083869934,0.14577165246009827,-0.23693528771400452,2.5513012409210205,-0.008969350717961788
1631219561.37399983,314360,1,0,-7.673421859741211,5.723739147186279,-4.904072284698486,-0.7098842859268188,0.5862960815429688,-0.10393454879522324,-0.9654616713523865,0.08820889890193939,-0.002768293023109436,2.540302038192749,-0.02086692675948143
1631219562.38999987,315433,1,0,-8.578472137451172,6.307216167449951,-4.904072284698486,-0.729587197303772,0.6646281480789185,0.0023636864498257637,-1.1279969215393066,0.2600333094596863,0.1459050327539444,2.5103466510772705,-0.03271186724305153
1631219563.47099996,316492,1,0,-9.428031921386719,6.854920387268066,-4.904072284698486,-0.7081279754638672,0.7060842514038086,0.04395833984017372,-1.0155117511749268,0.3342088460922241,0.10533797740936279,2.4763576984405518,0.7853981852531433
1631219564.60299993,317566,1,0,-9.778887748718262,7.524322032928467,-4.9040727615356445,0.3941962718963623,0.9190263152122498,0.03762810304760933,-0.2562972903251648,0.6223558783531189,-0.23610807955265045,1.6481932401657104,-0.7853981852531433
1631219565.62399983,318631,1,0,-9.412049293518066,8.294798851013184,-4.9040727615356445,0.6210147142410278,0.7837989330291748,-0.09073266386985779,-0.6098816394805908,0.10707792639732361,-0.27729877829551697,0.959143877029419,-0.0031096613965928555
1631219566.71399999,319689,1,0,-8.901305198669434,9.02584457397461,-4.9040727615356445,0.689767599105835,0.7240309119224548,-0.09864527732133865,-0.47958511114120483,0.006343180313706398,-0.22736243903636932,0.9562348127365112,0.000493119063321501
1631219567.72799993,320739,1,0,-8.37636661529541,9.777198791503906,-4.9040727615356445,0.685113787651062,0.7284361124038696,-0.11206205934286118,-0.413534551858902,0.12501667439937592,-0.5780145525932312,0.9563020467758179,-0.0002687811211217195
1631219568.85099983,321813,1,0,-7.820954322814941,10.572181701660156,-4.9040727615356445,0.7083265781402588,0.7058848738670349,-0.15301190316677094,-0.33068278431892395,0.022420663386583328,-0.3658503592014313,0.9550793766975403,-0.0015256376937031746
1631219569.83099985,322872,1,0,-7.286919593811035,11.336560249328613,-4.9040727615356445,0.7514109015464783,0.659834623336792,-0.10964882373809814,-0.12980103492736816,-0.010664258152246475,-0.2923797369003296,0.9527629613876343,-0.0017276708967983723
1631219570.98099995,323931,1,0,-6.765450954437256,12.082951545715332,-4.9040727615356445,0.7669458389282227,0.6417118310928345,-0.058603424578905106,-0.04162130504846573,0.0685434341430664,-0.35455161333084106,0.9516944289207458,0.0024378919042646885
1631219571.95700002,324999,1,0,-6.246802806854248,12.825305938720703,-4.9040727615356445,0.7492983341217041,0.6622325778007507,-0.042224086821079254,0.0798422172665596,0.05602716654539108,-0.2956784963607788,0.9523716568946838,0.001156669924966991
1631219573.16499996,326059,1,0,-5.732259750366211,13.56177806854248,-4.9040727615356445,0.7333961725234985,0.6798015832901001,-0.006874260492622852,0.020390503108501434,0.012991931289434433,-0.2687588930130005,0.9529825448989868,0.0009247215930372477
1631219574.08599997,327122,1,0,-5.212698459625244,14.305438041687012,-4.9040727615356445,0.6779394149780273,0.7351177930831909,-0.009692390449345112,-0.047690633684396744,0.17008273303508759,-0.24692194163799286,0.9557101130485535,0.0009042943129315972
1631219575.18099999,328191,1,0,-4.678508758544922,15.070030212402344,-4.9040727615356445,0.6245769262313843,0.7809634208679199,-0.002097352407872677,-0.12047898769378662,0.27778980135917664,-0.25520408153533936,0.9583715200424194,0.0014982994180172682
1631219576.27399993,329251,1,0,-4.158161640167236,15.814823150634766,-4.9040727615356445,0.5982518792152405,0.8013080954551697,0.0033328437712043524,-0.03561900556087494,0.17126116156578064,-0.2448992133140564,0.9596635699272156,-0.0005435073981061578
1631219577.34899998,330319,1,0,-3.6350514888763428,16.563562393188477,-4.9040727615356445,0.6040840148925781,0.7969205975532532,-0.017969883978366852,-0.14944376051425934,0.23673245310783386,-0.2921711802482605,0.9592889547348022,0.0005592378438450396
1631219578.45199990,331379,1,0,-3.0969510078430176,17.333759307861328,-4.9040727615356445,0.5716115832328796,0.8205243945121765,-0.05209619551897049,-0.17662313580513,0.13418740034103394,-0.2872871160507202,0.9610313177108765,0.0005538841360248625
1631219579.44599986,332452,1,0,-2.534956216812134,18.13815689086914,-4.9040727615356445,0.5715218782424927,0.8205869197845459,-0.045080047100782394,-0.1868283897638321,0.11288625746965408,-0.2617065906524658,0.9610443115234375,1.757626887410879e-05
1631219580.52199984,333510,1,0,-1.9716618061065674,18.944412231445312,-4.9040727615356445,0.566299319267273,0.8241996765136719,-0.02438344620168209,-0.17600837349891663,0.22658638656139374,-0.29295891523361206,0.9613614678382874,0.001848976593464613
1631219581.62699986,334580,1,0,-1.4091829061508179,19.74950408935547,-4.9040727615356445,0.5770335793495178,0.8167204260826111,0.0020728677045553923,-0.06298340857028961,0.29268550872802734,-0.1896534562110901,0.9607127904891968,-0.00107526162173599
1631219582.61099982,335635,1,0,-0.8672542572021484,20.525182723999023,-4.9040727615356445,0.5976694822311401,0.8017425537109375,-0.05854080989956856,-0.052915461361408234,0.34987062215805054,-0.4645701050758362,0.9592917561531067,-0.0009083137265406549
1631219583.70700002,336689,1,0,-0.32518279552459717,21.301054000854492,-4.9040727615356445,0.5744720697402954,0.818524181842804,-0.059950388967990875,-0.16961735486984253,0.28638795018196106,-0.2675952911376953,0.9608539938926697,0.0022457994055002928
1631219584.74000001,337761,1,0,0.23160038888454437,22.097990036010742,-4.9040727615356445,0.5282665491104126,0.8490786552429199,0.030987171456217766,-0.3585018515586853,0.23375838994979858,-0.16907364130020142,0.964152991771698,0.0030730541329830885
1631219585.82999992,338822,1,0,0.8080869913101196,22.923131942749023,-4.9040727615356445,0.5137872099876404,0.8579177856445312,-0.004180586896836758,-0.2089422345161438,0.2372039556503296,-0.42820310592651367,0.9655145406723022,-0.0025332551449537277
1631219586.88299990,339890,1,0,1.4013763666152954,23.772321701049805,-4.9040727615356445,0.5849219560623169,0.8110896944999695,-0.014230005443096161,-0.008555002510547638,0.3148309886455536,-0.3379446864128113,0.9599508047103882,-0.004306789021939039
1631219587.98499990,340954,1,0,1.9782291650772095,24.597978591918945,-4.9040727615356445,0.6014428734779358,0.7989158630371094,0.016559286043047905,-0.048970505595207214,0.3082793056964874,-0.16731122136116028,0.9583813548088074,0.00022821598395239562
1631219589.04399991,342013,1,0,2.536895751953125,25.397619247436523,-4.9040727615356445,0.5860236287117004,0.8102940917015076,-0.016459396108984947,0.03666011989116669,0.35354554653167725,-0.2476004809141159,0.9597010016441345,8.758753392612562e-05
1631219590.08500004,343081,1,0,3.0888736248016357,26.187685012817383,-4.9040727615356445,0.5967429876327515,0.8024324774742126,0.031857930123806,0.13869790732860565,0.33054471015930176,-0.12254375219345093,0.9585294723510742,-0.005161060951650143
1631219591.14199996,344141,1,0,3.6454780101776123,26.9843692779541,-4.9040727615356445,0.6114805936813354,0.7912594079971313,0.04698260501027107,0.034314293414354324,0.2797015905380249,-0.28366270661354065,0.9565491676330566,0.002302184933796525
1631219592.15400004,345200,1,0,4.217553615570068,27.803184509277344,-4.9040727615356445,0.5840157866477966,0.8117424249649048,0.027739686891436577,-0.07251353561878204,0.33460208773612976,-0.3133644461631775,0.959560215473175,0.002069856971502304
1631219593.26099992,346273,1,0,4.819398403167725,28.66460609436035,-4.9040727615356445,0.5638777017593384,0.8258582949638367,0.03382536396384239,-0.11492981761693954,0.25977036356925964,-0.14871442317962646,0.962187647819519,0.008815068751573563
1631219594.30599999,347332,1,0,5.408851623535156,29.508304595947266,-4.9040727615356445,0.5690622329711914,0.8222945332527161,0.01811095140874386,0.032297395169734955,0.28144481778144836,-0.24256806075572968,0.9616266489028931,-0.008233285509049892
1631219595.49399996,348401,1,0,6.005795478820801,30.362716674804688,-4.9040727615356445,0.5993638634681702,0.8004767298698425,-0.022223584353923798,0.04070795327425003,0.3249532878398895,-0.2603098750114441,0.9562559723854065,-0.003092706436291337
1631219596.43999982,349461,1,0,6.595320224761963,31.206514358520508,-4.9040727615356445,0.5884180068969727,0.8085569143295288,-0.06626848876476288,-0.052112873643636703,0.3477432131767273,-0.2961651086807251,0.9577057361602783,0.0035472530871629715
1631219597.50600004,350519,1,0,7.192524433135986,32.06131362915039,-4.9040727615356445,0.568912923336029,0.8223979473114014,-0.05419555678963661,-0.039352238178253174,0.3160662055015564,-0.2762935161590576,0.9618872404098511,0.0032239456195384264
1631219598.56200004,351579,1,0,7.79719877243042,32.926780700683594,-4.9040727615356445,0.5634523034095764,0.8261487483978271,-0.013062569312751293,-0.12066946178674698,0.2855920195579529,-0.10743659734725952,0.9638341069221497,0.0046563646756112576
1631219599.71599984,352652,1,0,8.415099143981934,33.81117248535156,-4.9040727615356445,0.5633506774902344,0.8262178897857666,0.024456288665533066,-0.04007037729024887,0.3592257499694824,-0.18539535999298096,0.9649316072463989,-0.0009799925610423088
1631219600.66799998,353712,1,0,9.01549243927002,34.67052459716797,-4.9040727615356445,0.5769183039665222,0.8168019652366638,0.007260799407958984,0.03623281046748161,0.33856675028800964,-0.32462772727012634,0.9583211541175842,-0.01804382912814617
1631219601.76699996,354785,1,0,9.108485221862793,35.56341552734375,-4.9040727615356445,-0.5558618307113647,0.831274688243866,-0.04361974075436592,-0.9763792753219604,0.27848726511001587,-0.2955843508243561,1.7698720693588257,0.7853981852531433
1631219602.82499981,355831,1,0,8.516109466552734,36.28908157348633,-4.9040727615356445,-0.6694815754890442,0.7428288459777832,0.03889491781592369,-0.585843563079834,0.7733272314071655,0.1618531048297882,2.272317886352539,-0.0014627937925979495
1631219603.92299986,356903,1,0,7.9654645919799805,36.94521713256836,-4.9040727615356445,-0.6289570331573486,0.777440071105957,0.09353793412446976,-0.5349955558776855,0.8467296957969666,-0.027474164962768555,2.267336368560791,-0.011035095900297165
1631219604.93299985,357971,1,0,7.425307750701904,37.58880615234375,-4.9040727615356445,-0.6227396726608276,0.7824291586875916,0.10167833417654037,-0.7023570537567139,0.8120738863945007,0.024838559329509735,2.266235828399658,0.004825563635677099
1631219606.10299993,359031,1,0,6.897651672363281,38.21748733520508,-4.9040727615356445,-0.677550196647644,0.7354763746261597,0.06256605684757233,-0.800935685634613,0.8562269806861877,-0.0043943896889686584,2.274463653564453,0.013334282673895359
1631219607.10399985,360091,1,0,6.378963947296143,38.835514068603516,-4.9040727615356445,-0.701928973197937,0.7122469544410706,0.008197817020118237,-0.7255415916442871,0.8054556250572205,-0.027069296687841415,2.2793447971343994,-0.0018064010655507445
1631219608.17799997,361158,1,0,5.8425774574279785,39.474613189697266,-4.9040727615356445,-0.6707799434661865,0.741656482219696,-0.031404271721839905,-0.5409026145935059,0.7182106971740723,-0.15410155057907104,2.2744927406311035,-0.004325771704316139
1631219609.27600002,362222,1,0,5.2564921379089355,40.17294692993164,-4.9040727615356445,-0.6556546688079834,0.7550609111785889,-0.023791491985321045,-0.6177217960357666,0.7046347856521606,0.0316382497549057,2.271848440170288,0.004994784016162157
1631219610.25899982,363282,1,0,4.634395122528076,40.91417694091797,-4.9040727615356445,-0.6947609782218933,0.7192406058311462,0.03149862214922905,-0.805178701877594,0.6369637846946716,-0.08891277015209198,2.283292770385742,0.007270332425832748
1631219611.30399990,364342,1,0,4.0133256912231445,41.65415954589844,-4.9040727615356445,-0.6775831580162048,0.7354462146759033,0.00938490591943264,-0.6897180080413818,0.7492023706436157,-0.10784038156270981,2.280841827392578,-0.011307619512081146
1631219612.38999987,365410,1,0,3.3682730197906494,42.422760009765625,-4.9040727615356445,-0.6082090735435486,0.7937769293785095,-0.009036801755428314,-0.5028567314147949,0.9074108600616455,-0.04830170422792435,2.2540807723999023,-0.0418923981487751
1631219613.49000001,366470,1,0,2.729990243911743,43.18325424194336,-4.9040727615356445,-0.577949583530426,0.8160724639892578,0.0043163299560546875,-0.4555398225784302,0.8826372623443604,0.06062768027186394,2.2281289100646973,-0.02104780822992325
1631219614.61500001,367542,1,0,2.010127544403076,43.55733108520508,-4.9040727615356445,-0.7834410667419434,-0.5066673159599304,-0.034593481570482254,-0.7652704119682312,-0.6845605969429016,-0.2686527967453003,2.933278799057007,0.7853981852531433
1631219615.55999994,368602,1,0,1.3642305135726929,42.89616775512695,-4.9040727615356445,-0.5738376379013062,-0.8189691305160522,-0.06832993775606155,-0.9106413125991821,0.23223720490932465,0.028698287904262543,-2.5179078578948975,0.7853981852531433
1631219616.64800000,369666,1,0,0.809341549873352,42.19411849975586,-4.9040727615356445,-0.6079522967338562,-0.7939735054969788,-0.12112823128700256,-0.8585959076881409,0.30420351028442383,-0.24391768872737885,-2.2391130924224854,-0.0017861512023955584
1631219617.74699998,370729,1,0,0.250495582818985,41.48708724975586,-4.9040727615356445,-0.6271136999130249,-0.778927743434906,-0.12512747943401337,-0.8880347609519958,0.19787392020225525,-0.31531161069869995,-2.239993095397949,-0.0004473143781069666
1631219618.83599997,371789,1,0,-0.32906749844551086,40.75385665893555,-4.9040727615356445,-0.5886069536209106,-0.8084193468093872,-0.10332698374986649,-0.7486885786056519,0.24068216979503632,-0.2630375921726227,-2.238147735595703,0.005171085242182016
1631219619.81499982,372853,1,0,-0.9206394553184509,40.00543975830078,-4.9040727615356445,-0.5066066980361938,-0.8621773719787598,-0.04499790444970131,-0.6142178773880005,0.16792568564414978,0.004976779222488403,-2.234199047088623,0.0031640331726521254
1631219620.94999981,373913,1,0,-1.5113799571990967,39.258079528808594,-4.9040727615356445,-0.4848555326461792,-0.8745943307876587,0.0160219669342041,-0.5847503542900085,0.1450716108083725,-0.1363430619239807,-2.232950448989868,-0.0013517708284780383
1631219621.95899987,374980,1,0,-2.1129772663116455,38.496971130371094,-4.9040727615356445,-0.49837493896484375,-0.866961658000946,0.05861017107963562,-0.6594100594520569,0.036311469972133636,-0.17331448197364807,-2.2333407402038574,-0.00014326194650493562
1631219623.00000000,376040,1,0,-2.70923113822937,37.74260330200195,-4.9040727615356445,-0.4996509552001953,-0.8662269115447998,0.008612812496721745,-0.6788716912269592,-0.05089211091399193,-0.23049761354923248,-2.2331736087799072,2.524283445382025e-05
1631219624.07599998,377100,1,0,-3.29805326461792,36.99766540527344,-4.9040727615356445,-0.5242409706115723,-0.8515699505805969,0.004033712204545736,-0.6909955739974976,0.032142478972673416,-0.11917317658662796,-2.234201669692993,-0.0018913592211902142
1631219625.16199994,378168,1,0,-3.9073312282562256,36.22684097290039,-4.9040727615356445,-0.5627880096435547,-0.8266012668609619,0.03375159576535225,-0.6678877472877502,-0.023943983018398285,-0.13894939422607422,-2.2361996173858643,-0.0020864102989435196
1631219626.19400001,379233,1,0,-4.521589279174805,35.449710845947266,-4.9040727615356445,-0.5908023715019226,-0.8068163394927979,0.008214065805077553,-0.6735026836395264,0.057103823870420456,-0.30268505215644836,-2.2377798557281494,-0.0001297054550377652
1631219627.35899997,380300,1,0,-5.148964881896973,34.65599822998047,-4.9040727615356445,-0.6308494806289673,-0.775905191898346,0.0036831132601946592,-0.7265798449516296,0.23984681069850922,-0.1338932067155838,-2.240374803543091,-0.0035536407958716154
1631219628.43899989,381360,1,0,-5.798955917358398,33.833648681640625,-4.9040727615356445,-0.6409106254577637,-0.7505587339401245,0.014416664838790894,-0.6016590595245361,0.11721720546483994,-0.23996901512145996,-2.2418322563171387,0.0030277883633971214
1631219629.38299990,382420,1,0,-6.455594539642334,33.002891540527344,-4.9040727615356445,-0.5907458066940308,-0.7492324709892273,-0.00758323073387146,-0.5566624402999878,0.18851390480995178,-0.2748106122016907,-2.2395968437194824,0.00048286645323969424
1631219630.50600004,383492,1,0,-7.12671422958374,32.15382385253906,-4.9040727615356445,-0.5831170082092285,-0.7574626207351685,-0.02357260324060917,-0.5576987862586975,0.10805781185626984,-0.22689804434776306,-2.2388663291931152,0.00010727495100582018
1631219631.64499998,384551,1,0,-7.783285140991211,31.32316780090332,-4.9040727615356445,-0.5966135263442993,-0.763536810874939,0.010763885453343391,-0.5396322011947632,0.13963574171066284,-0.12144706398248672,-2.2392845153808594,0.0006400212296284735
1631219632.57599998,385611,1,0,-8.44019603729248,30.4920711517334,-4.9040727615356445,-0.5894088745117188,-0.8064212203025818,0.019707830622792244,-0.5394797325134277,0.04926818609237671,-0.11910380423069,-2.2368545532226562,0.0017256762366741896
1631219633.63599992,386680,1,0,-9.09687328338623,29.66126823425293,-4.9040727615356445,-0.6189312934875488,-0.7854452133178711,0.02876286581158638,-0.6560725569725037,0.15166237950325012,-0.14929518103599548,-2.2395012378692627,-0.004599418491125107
1631219634.73399997,387744,1,0,-9.748289108276367,28.83711814880371,-4.9040727615356445,-0.6372713446617126,-0.7706394195556641,0.02568952925503254,-0.6120524406433105,0.1567920595407486,-0.13365432620048523,-2.241607904434204,0.0016247706953436136
1631219635.79699993,388803,1,0,-10.39210033416748,28.022594451904297,-4.9040727615356445,-0.6408526301383972,-0.7676640152931213,-0.012359357438981533,-0.6369852423667908,0.12891358137130737,-0.18702447414398193,-2.2422537803649902,0.0016709082992747426
1631219636.92400002,389872,1,0,-11.059671401977539,27.177997589111328,-4.9040727615356445,-0.6463608145713806,-0.7630320191383362,0.00890740379691124,-0.6259750723838806,0.07259505987167358,-0.09073205292224884,-2.2432587146759033,-0.00039232938433997333
1631219637.98199987,390931,1,0,-11.713509559631348,26.350765228271484,-4.9040727615356445,-0.6249026656150818,-0.7807028293609619,0.044893134385347366,-0.5712847113609314,0.1572462022304535,-0.06898366659879684,-2.2403883934020996,-0.00148395961150527
1631219638.99000001,391990,1,0,-12.365242958068848,25.526203155517578,-4.9040727615356445,-0.6151490807533264,-0.7884107828140259,0.036255910992622375,-0.561653196811676,-0.016373736783862114,-0.14976799488067627,-2.238816738128662,0.002477581612765789
1631219640.04799986,393063,1,0,-13.012198448181152,24.707693099975586,-4.9040727615356445,-0.6058297753334045,-0.795594334602356,-0.024202626198530197,-0.5924208760261536,-0.03426780924201012,-0.16709113121032715,-2.2368650436401367,0.0009110248065553606
1631219641.11399984,394122,1,0,-13.652109146118164,23.898088455200195,-4.9040727615356445,-0.6221999526023865,-0.7828584313392639,0.007670119870454073,-0.7818711400032043,-0.022859763354063034,0.08002021163702011,-2.240011215209961,-0.013113286346197128
1631219642.23000002,395191,1,0,-14.280804634094238,23.102672576904297,-4.9040727615356445,-0.6439397931098938,-0.765076220035553,0.026714323088526726,-0.7442528605461121,-0.2871742844581604,-0.028953667730093002,-2.2462832927703857,0.00470830500125885
1631219643.22399998,396250,1,0,-14.863901138305664,22.364944458007812,-4.9040727615356445,-0.6036148071289062,-0.7972760796546936,0.02049303613603115,-0.8160169124603271,-0.3717738389968872,-0.02562415599822998,-2.234269618988037,-0.007152371108531952
1631219644.34299994,397309,1,0,-15.423144340515137,21.65740394592285,-4.9040727615356445,-0.6019325256347656,-0.7985469102859497,0.02454705536365509,-0.7343943119049072,-0.4222840964794159,-0.11535957455635071,-2.2321135997772217,0.005279346369206905
1631219645.35999990,398382,1,0,-15.974446296691895,20.959922790527344,-4.9040727615356445,-0.5715117454528809,-0.8205938339233398,-0.054738521575927734,-0.5436421632766724,-0.4456709027290344,-0.1900046020746231,-2.21240234375,0.03953694924712181
1631219646.44700003,399441,1,0,-16.330501556396484,20.704505920410156,-4.8344926834106445,0.08782137930393219,0.04940885305404663,-0.03893209993839264,0.4467918276786804,0.5369020700454712,-0.2846311926841736,-1.6193108558654785,0.7853981852531433
1631219647.55999994,400501,1,0,-15.945879936218262,20.45583724975586,-4.833571434020996,0.8117653727531433,-0.5839837193489075,-0.03462015092372894,-0.49622097611427307,-0.3249642252922058,0.08000467717647552,-0.8753362894058228,0.0
1631219648.53099990,401574,1,0,-15.295442581176758,19.69633674621582,-4.83316707611084,0.6870086789131165,-0.7266493439674377,-0.042111434042453766,-0.3837709426879883,-0.3083740472793579,-0.2404099404811859,-0.8753362894058228,0.0
1631219649.66199994,402629,1,0,-14.613876342773438,18.89678192138672,-4.832781791687012,0.6590647101402283,-0.7373057007789612,-0.03635399043560028,-0.30197298526763916,-0.08401425182819366,-0.15487906336784363,-0.8753362894058228,0.0
1631219650.66599989,403692,1,0,-13.926732063293457,18.090694427490234,-4.832392692565918,0.6956650018692017,-0.6972391605377197,-0.0059664747677743435,-0.2356957197189331,-0.03393792733550072,-0.16701407730579376,-0.8753362894058228,0.0
1631219651.74499989,404762,1,0,-13.237858772277832,17.282573699951172,-4.832001686096191,0.6648573875427246,-0.7469702959060669,-0.038639843463897705,-0.37944310903549194,-0.2030111402273178,-0.2537776529788971,-0.8753362894058228,0.0
1631219652.82599998,405822,1,0,-12.56679630279541,16.495346069335938,-4.831622123718262,0.6162698268890381,-0.7875350713729858,-0.039181407541036606,-0.3651956617832184,-0.3148261606693268,-0.16390980780124664,-0.8753362894058228,0.0
1631219653.85200000,406880,1,0,-11.918970108032227,15.735384941101074,-4.831255912780762,0.6050325632095337,-0.796200692653656,-0.008435329422354698,-0.30592602491378784,-0.224289670586586,-0.13370755314826965,-0.8753362894058228,0.0
1631219654.92999983,407954,1,0,-11.264022827148438,14.967072486877441,-4.830885887145996,0.6104158163070679,-0.7920811772346497,-0.005000430159270763,-0.3849497139453888,-0.2448544204235077,-0.10842858999967575,-0.8753362894058228,0.0
1631219656.00600004,409013,1,0,-10.622632026672363,14.214658737182617,-4.830521106719971,0.6459227800369263,-0.7634027600288391,-0.01417191606014967,-0.30242276191711426,-0.09622980654239655,-0.34284543991088867,-0.8753362894058228,0.0
1631219657.11399984,410072,1,0,-9.964994430541992,13.443190574645996,-4.830148220062256,0.6720718145370483,-0.7404860854148865,-0.043702319264411926,-0.1853560209274292,-0.07863971590995789,-0.15378113090991974,-0.8753362894058228,0.0
1631219658.14399981,411140,1,0,-9.297410011291504,12.660051345825195,-4.829768180847168,0.6490578055381775,-0.7607390880584717,0.003551372094079852,-0.1938704252243042,-0.17477136850357056,-0.07693471014499664,-0.8753362894058228,0.0
1631219659.18299985,412200,1,0,-8.629388809204102,11.876399993896484,-4.8293890953063965,0.604978084564209,-0.7962421774864197,0.020137807354331017,-0.4848869740962982,-0.3032200336456299,-0.16056972742080688,-0.8753362894058228,0.0
1631219660.28499985,413264,1,0,-7.954902172088623,11.085161209106445,-4.829007625579834,0.5390395522117615,-0.8422805666923523,-0.023472517728805542,-0.7162070870399475,-0.4296143054962158,-0.16728080809116364,-0.8753362894058228,0.0
1631219661.40799999,414333,1,0,-7.261664867401123,10.271926879882812,-4.828614234924316,0.4830965995788574,-0.8755671381950378,-0.04477177560329437,-0.7010505199432373,-0.2441258430480957,-0.119352787733078,-0.8753362894058228,0.0
1631219662.42699981,415392,1,0,-6.574260234832764,9.46552848815918,-4.82822322845459,0.5466845631599426,-0.8266148567199707,-0.022670719772577286,-0.36593472957611084,-0.148927703499794,-0.07446189224720001,-0.8753362894058228,0.0
1631219663.48699999,416451,1,0,-5.891115188598633,8.664131164550781,-4.8278350830078125,0.6923779845237732,-0.7215350866317749,-0.05466625094413757,-0.15225033462047577,-0.0708051323890686,-0.16800425946712494,-0.8753362894058228,0.0
1631219664.49899983,417520,1,0,-5.215371131896973,7.871419429779053,-4.827453136444092,0.738892674446106,-0.6738232374191284,-0.08038400113582611,-0.2244451344013214,-0.020586591213941574,-0.2348780632019043,-0.8753362894058228,0.0
1631219665.54099989,418579,1,0,-4.528034210205078,7.065105438232422,-4.827060699462891,0.6648069620132446,-0.6767179369926453,-0.039838459342718124,-0.3643278479576111,-0.045232489705085754,-0.09608462452888489,-0.8753362894058228,0.0
1631219666.68199992,419643,1,0,-3.839928388595581,6.257889270782471,-4.826667308807373,0.6031438708305359,-0.7151082754135132,-0.030734077095985413,-0.4429489076137543,-0.054606564342975616,-0.158115416765213,-0.8753362894058228,0.0
1631219667.68599987,420712,1,0,-3.1384823322296143,5.4350199699401855,-4.826267719268799,0.6055911779403687,-0.7351943850517273,-0.03909372165799141,-0.4933072626590729,-0.0029999339021742344,-0.08871853351593018,-0.8753362894058228,0.0
1631219668.72799993,421771,1,0,-2.451446056365967,4.629057884216309,-4.825877666473389,0.5846118330955505,-0.7201774716377258,-0.018066847696900368,-0.4822879433631897,-0.06351682543754578,-0.1512361764907837,-0.8753362894058228,0.0
1631219669.78499985,422832,1,0,-1.7632330656051636,3.8217175006866455,-4.825484752655029,0.532370388507843,-0.7442485690116882,-0.026453567668795586,-0.5889944434165955,0.009909827262163162,-0.27344998717308044,-0.8753362894058228,0.0
1631219670.95599985,423898,1,0,-1.0770103931427002,3.016711711883545,-4.825091361999512,0.5927202105522156,-0.7465072870254517,-0.03533751517534256,-0.2532702088356018,-0.12929300963878632,-0.12896129488945007,-0.8753362894058228,0.0
1631219671.94199991,424963,1,0,-0.39803263545036316,2.220203399658203,-4.824702262878418,0.6224798560142517,-0.7826358079910278,-0.018077243119478226,-0.1704965978860855,-0.32407546043395996,-0.22820612788200378,-0.8753362894058228,0.0
1631219673.02199984,426027,1,0,0.2448137253522873,1.466124176979065,-4.623869895935059,0.639698326587677,-0.7686259746551514,0.7968499660491943,-0.29235684871673584,-0.26061153411865234,0.9404373168945312,-0.28089749813079834,0.7853981852531433
1631219674.05900002,427086,1,0,0.624941349029541,1.0209338665008545,-3.7366831302642822,0.3579920530319214,-0.31979313492774963,0.8454223871231079,-0.6897686123847961,-0.016454696655273438,-0.17700262367725372,0.5509820580482483,0.7853981852531433
1631219675.11500001,428155,1,0,0.820803701877594,0.7909478545188904,-2.8495659828186035,-0.1877320259809494,-0.1526051014661789,0.7422323226928711,-1.1916143894195557,-0.18617428839206696,-0.09725793451070786,0.9543706774711609,0.0
1631219676.17599988,429214,1,0,0.9175764918327332,0.677174985408783,-2.0510895252227783,-0.42401546239852905,-0.17559807002544403,0.6910852789878845,-0.9295884370803833,-0.34636029601097107,-0.36319881677627563,0.9543706774711609,0.0
1631219677.25600004,430282,1,0,0.9648166298866272,0.6215841770172119,-1.308057427406311,-0.24402856826782227,-0.06299417465925217,0.6449552178382874,-0.6601979732513428,0.05187319964170456,-0.16026610136032104,0.9543706774711609,0.0
1631219678.30199981,431342,1,0,0.9877460598945618,0.5946168899536133,-0.5697643756866455,-0.0028637852519750595,0.2420293241739273,0.8753055930137634,0.0650537759065628,1.1768882274627686,3.667762517929077,0.9543706774711609,0.0
1631219679.40400004,431693,1,63,nan,nan,nan,nan,nan,nan,0.0,0.0,100.0,0.7289763689041138,0.0
